row,label,x,y
0,a|a,0,0
1,a|and,0,0
2,a|authors,0,0
3,a|automates,0,0
4,a|behavior,0,0
5,a|branch,-0.1060,-0.1060
6,a|changes,0,0
7,a|checks,0,0
8,a|code,0,0
9,a|collaboration,0,0
10,a|collection,-0.0400,-0.0400
11,a|commit,-0.1060,-0.1060
12,a|committing,0,0
13,a|configures,0,0
14,a|conflicts,0,0
15,a|consistency,0,0
16,a|contains,0,0
17,a|continuous,0,0
18,a|control,0,0
19,a|controls,0,0
20,a|data,0,0
21,a|defines,0,0
22,a|dependencies,0,0
23,a|describes,0,0
24,a|detects,0,0
25,a|docs,-0.0625,-0.0625
26,a|documentation,0,0
27,a|documents,0,0
28,a|enables,0,0
29,a|endings,0,0
30,a|enforces,0,0
31,a|ensures,0,0
32,a|environment,0,0
33,a|errors,0,0
34,a|events,0,0
35,a|experimentation,0,0
36,a|explains,0,0
37,a|file,0,0
38,a|files,0,0
39,a|folder,0,0
40,a|from,0,0
41,a|git,0,0
42,a|gitattributes,-0.0625,-0.0625
43,a|gitignore,-0.0625,-0.0625
44,a|history,0,0
45,a|ignored,0,0
46,a|improves,0,0
47,a|includes,0,0
48,a|instructions,0,0
49,a|integration,0,0
50,a|intent,0,0
51,a|is,0,0
52,a|isolates,0,0
53,a|license,-0.0625,-0.0625
54,a|line,0,0
55,a|lists,0,0
56,a|message,4.3188,-0.0400
57,a|mkdocs,0,0
58,a|noise,0,0
59,a|of,0,0
60,a|on,0,0
61,a|permissions,0,0
62,a|portability,0,0
63,a|prevents,0,0
64,a|project,6.0354,-0.0559
65,a|proposes,0,0
66,a|protects,0,0
67,a|provides,0,0
68,a|pull,-0.0625,-0.0625
69,a|purpose,0,0
70,a|pyproject,-0.0625,-0.0625
71,a|quality,0,0
72,a|readme,-0.0625,-0.0625
73,a|records,0,0
74,a|reduces,0,0
75,a|refactoring,0,0
76,a|reliability,0,0
77,a|repository,-0.0875,-0.0875
78,a|reproducibility,0,0
79,a|request,0,0
80,a|reuse,0,0
81,a|review,0,0
82,a|risk,0,0
83,a|runs,0,0
84,a|secrets,0,0
85,a|separates,0,0
86,a|snapshot,4.3188,-0.0400
87,a|source,0,0
88,a|src,-0.0625,-0.0625
89,a|standards,0,0
90,a|states,0,0
91,a|structure,0,0
92,a|supports,0,0
93,a|system,0,0
94,a|tasks,0,0
95,a|terms,0,0
96,a|test,0,0
97,a|tests,-0.0625,-0.0625
98,a|toml,0,0
99,a|tools,0,0
100,a|tracked,0,0
101,a|tracks,0,0
102,a|usability,0,0
103,a|verifies,0,0
104,a|version,-0.0625,-0.0625
105,a|virtual,-0.0625,-0.0625
106,a|with,0,0
107,a|work,0,0
108,a|workflow,-0.1060,-0.1060
109,and|a,0,0
110,and|and,0,0
111,and|authors,0,0
112,and|automates,0,0
113,and|behavior,0,0
114,and|branch,0,0
115,and|changes,0,0
116,and|checks,0,0
117,and|code,0,0
118,and|collaboration,0,0
119,and|collection,0,0
120,and|commit,0,0
121,and|committing,0,0
122,and|configures,0,0
123,and|conflicts,0,0
124,and|consistency,0,0
125,and|contains,0,0
126,and|continuous,0,0
127,and|control,0,0
128,and|controls,0,0
129,and|data,0,0
130,and|defines,0,0
131,and|dependencies,0,0
132,and|describes,0,0
133,and|detects,0,0
134,and|docs,0,0
135,and|documentation,4.3188,-0.0400
136,and|documents,0,0
137,and|enables,0,0
138,and|endings,0,0
139,and|enforces,0,0
140,and|ensures,0,0
141,and|environment,0,0
142,and|errors,0,0
143,and|events,0,0
144,and|experimentation,0,0
145,and|explains,0,0
146,and|file,0,0
147,and|files,0,0
148,and|folder,0,0
149,and|from,0,0
150,and|git,0,0
151,and|gitattributes,0,0
152,and|gitignore,0,0
153,and|history,0,0
154,and|ignored,0,0
155,and|improves,0,0
156,and|includes,0,0
157,and|instructions,0,0
158,and|integration,0,0
159,and|intent,0,0
160,and|is,0,0
161,and|isolates,0,0
162,and|license,0,0
163,and|line,0,0
164,and|lists,0,0
165,and|message,0,0
166,and|mkdocs,0,0
167,and|noise,0,0
168,and|of,0,0
169,and|on,0,0
170,and|permissions,0,0
171,and|portability,0,0
172,and|prevents,0,0
173,and|project,0,0
174,and|proposes,0,0
175,and|protects,0,0
176,and|provides,0,0
177,and|pull,0,0
178,and|purpose,0,0
179,and|pyproject,0,0
180,and|quality,0,0
181,and|readme,0,0
182,and|records,0,0
183,and|reduces,0,0
184,and|refactoring,0,0
185,and|reliability,0,0
186,and|repository,0,0
187,and|reproducibility,0,0
188,and|request,0,0
189,and|reuse,0,0
190,and|review,0,0
191,and|risk,0,0
192,and|runs,0,0
193,and|secrets,0,0
194,and|separates,0,0
195,and|snapshot,0,0
196,and|source,0,0
197,and|src,0,0
198,and|standards,0,0
199,and|states,0,0
200,and|structure,0,0
201,and|supports,0,0
202,and|system,0,0
203,and|tasks,0,0
204,and|terms,0,0
205,and|test,0,0
206,and|tests,0,0
207,and|toml,0,0
208,and|tools,0,0
209,and|tracked,0,0
210,and|tracks,0,0
211,and|usability,0,0
212,and|verifies,0,0
213,and|version,0,0
214,and|virtual,0,0
215,and|with,0,0
216,and|work,0,0
217,and|workflow,0,0
218,authors|a,-0.0400,-0.0400
219,authors|and,0,0
220,authors|authors,0,0
221,authors|automates,0,0
222,authors|behavior,0,0
223,authors|branch,0,0
224,authors|changes,0,0
225,authors|checks,0,0
226,authors|code,0,0
227,authors|collaboration,0,0
228,authors|collection,0,0
229,authors|commit,0,0
230,authors|committing,0,0
231,authors|configures,0,0
232,authors|conflicts,0,0
233,authors|consistency,0,0
234,authors|contains,0,0
235,authors|continuous,0,0
236,authors|control,0,0
237,authors|controls,0,0
238,authors|data,0,0
239,authors|defines,0,0
240,authors|dependencies,0,0
241,authors|describes,0,0
242,authors|detects,0,0
243,authors|docs,0,0
244,authors|documentation,0,0
245,authors|documents,0,0
246,authors|enables,0,0
247,authors|endings,0,0
248,authors|enforces,0,0
249,authors|ensures,0,0
250,authors|environment,0,0
251,authors|errors,0,0
252,authors|events,0,0
253,authors|experimentation,0,0
254,authors|explains,0,0
255,authors|file,0,0
256,authors|files,0,0
257,authors|folder,0,0
258,authors|from,0,0
259,authors|git,0,0
260,authors|gitattributes,0,0
261,authors|gitignore,0,0
262,authors|history,0,0
263,authors|ignored,0,0
264,authors|improves,0,0
265,authors|includes,0,0
266,authors|instructions,0,0
267,authors|integration,0,0
268,authors|intent,0,0
269,authors|is,0,0
270,authors|isolates,0,0
271,authors|license,0,0
272,authors|line,0,0
273,authors|lists,0,0
274,authors|message,0,0
275,authors|mkdocs,0,0
276,authors|noise,0,0
277,authors|of,0,0
278,authors|on,0,0
279,authors|permissions,0,0
280,authors|portability,0,0
281,authors|prevents,0,0
282,authors|project,0,0
283,authors|proposes,0,0
284,authors|protects,0,0
285,authors|provides,0,0
286,authors|pull,0,0
287,authors|purpose,0,0
288,authors|pyproject,0,0
289,authors|quality,0,0
290,authors|readme,0,0
291,authors|records,0,0
292,authors|reduces,0,0
293,authors|refactoring,0,0
294,authors|reliability,0,0
295,authors|repository,0,0
296,authors|reproducibility,0,0
297,authors|request,0,0
298,authors|reuse,0,0
299,authors|review,0,0
300,authors|risk,0,0
301,authors|runs,0,0
302,authors|secrets,0,0
303,authors|separates,0,0
304,authors|snapshot,0,0
305,authors|source,0,0
306,authors|src,0,0
307,authors|standards,0,0
308,authors|states,0,0
309,authors|structure,0,0
310,authors|supports,0,0
311,authors|system,0,0
312,authors|tasks,0,0
313,authors|terms,0,0
314,authors|test,0,0
315,authors|tests,0,0
316,authors|toml,0,0
317,authors|tools,0,0
318,authors|tracked,0,0
319,authors|tracks,0,0
320,authors|usability,0,0
321,authors|verifies,0,0
322,authors|version,0,0
323,authors|virtual,0,0
324,authors|with,0,0
325,authors|work,0,0
326,authors|workflow,0,0
327,automates|a,0,0
328,automates|and,0,0
329,automates|authors,0,0
330,automates|automates,0,0
331,automates|behavior,0,0
332,automates|branch,0,0
333,automates|changes,0,0
334,automates|checks,0,0
335,automates|code,0,0
336,automates|collaboration,0,0
337,automates|collection,0,0
338,automates|commit,0,0
339,automates|committing,0,0
340,automates|configures,0,0
341,automates|conflicts,0,0
342,automates|consistency,0,0
343,automates|contains,0,0
344,automates|continuous,0,0
345,automates|control,0,0
346,automates|controls,0,0
347,automates|data,0,0
348,automates|defines,0,0
349,automates|dependencies,0,0
350,automates|describes,0,0
351,automates|detects,0,0
352,automates|docs,0,0
353,automates|documentation,0,0
354,automates|documents,0,0
355,automates|enables,0,0
356,automates|endings,0,0
357,automates|enforces,0,0
358,automates|ensures,0,0
359,automates|environment,0,0
360,automates|errors,0,0
361,automates|events,0,0
362,automates|experimentation,0,0
363,automates|explains,0,0
364,automates|file,0,0
365,automates|files,0,0
366,automates|folder,0,0
367,automates|from,0,0
368,automates|git,0,0
369,automates|gitattributes,0,0
370,automates|gitignore,0,0
371,automates|history,0,0
372,automates|ignored,0,0
373,automates|improves,0,0
374,automates|includes,0,0
375,automates|instructions,0,0
376,automates|integration,0,0
377,automates|intent,0,0
378,automates|is,0,0
379,automates|isolates,0,0
380,automates|license,0,0
381,automates|line,0,0
382,automates|lists,0,0
383,automates|message,0,0
384,automates|mkdocs,0,0
385,automates|noise,0,0
386,automates|of,0,0
387,automates|on,0,0
388,automates|permissions,0,0
389,automates|portability,0,0
390,automates|prevents,0,0
391,automates|project,0,0
392,automates|proposes,0,0
393,automates|protects,0,0
394,automates|provides,0,0
395,automates|pull,0,0
396,automates|purpose,0,0
397,automates|pyproject,0,0
398,automates|quality,0,0
399,automates|readme,0,0
400,automates|records,0,0
401,automates|reduces,0,0
402,automates|refactoring,0,0
403,automates|reliability,0,0
404,automates|repository,0,0
405,automates|reproducibility,0,0
406,automates|request,0,0
407,automates|reuse,0,0
408,automates|review,0,0
409,automates|risk,0,0
410,automates|runs,0,0
411,automates|secrets,0,0
412,automates|separates,0,0
413,automates|snapshot,0,0
414,automates|source,0,0
415,automates|src,0,0
416,automates|standards,0,0
417,automates|states,0,0
418,automates|structure,0,0
419,automates|supports,0,0
420,automates|system,0,0
421,automates|tasks,4.3188,-0.0400
422,automates|terms,0,0
423,automates|test,0,0
424,automates|tests,0,0
425,automates|toml,0,0
426,automates|tools,0,0
427,automates|tracked,0,0
428,automates|tracks,0,0
429,automates|usability,0,0
430,automates|verifies,0,0
431,automates|version,0,0
432,automates|virtual,0,0
433,automates|with,0,0
434,automates|work,0,0
435,automates|workflow,0,0
436,behavior|a,-0.0400,-0.0400
437,behavior|and,0,0
438,behavior|authors,0,0
439,behavior|automates,0,0
440,behavior|behavior,0,0
441,behavior|branch,0,0
442,behavior|changes,0,0
443,behavior|checks,0,0
444,behavior|code,0,0
445,behavior|collaboration,0,0
446,behavior|collection,0,0
447,behavior|commit,0,0
448,behavior|committing,0,0
449,behavior|configures,0,0
450,behavior|conflicts,0,0
451,behavior|consistency,0,0
452,behavior|contains,0,0
453,behavior|continuous,0,0
454,behavior|control,0,0
455,behavior|controls,0,0
456,behavior|data,0,0
457,behavior|defines,0,0
458,behavior|dependencies,0,0
459,behavior|describes,0,0
460,behavior|detects,0,0
461,behavior|docs,0,0
462,behavior|documentation,0,0
463,behavior|documents,0,0
464,behavior|enables,0,0
465,behavior|endings,0,0
466,behavior|enforces,0,0
467,behavior|ensures,0,0
468,behavior|environment,0,0
469,behavior|errors,0,0
470,behavior|events,0,0
471,behavior|experimentation,0,0
472,behavior|explains,0,0
473,behavior|file,0,0
474,behavior|files,0,0
475,behavior|folder,0,0
476,behavior|from,0,0
477,behavior|git,0,0
478,behavior|gitattributes,0,0
479,behavior|gitignore,0,0
480,behavior|history,0,0
481,behavior|ignored,0,0
482,behavior|improves,0,0
483,behavior|includes,0,0
484,behavior|instructions,0,0
485,behavior|integration,0,0
486,behavior|intent,0,0
487,behavior|is,0,0
488,behavior|isolates,0,0
489,behavior|license,0,0
490,behavior|line,0,0
491,behavior|lists,0,0
492,behavior|message,0,0
493,behavior|mkdocs,0,0
494,behavior|noise,0,0
495,behavior|of,0,0
496,behavior|on,0,0
497,behavior|permissions,0,0
498,behavior|portability,0,0
499,behavior|prevents,0,0
500,behavior|project,0,0
501,behavior|proposes,0,0
502,behavior|protects,0,0
503,behavior|provides,0,0
504,behavior|pull,0,0
505,behavior|purpose,0,0
506,behavior|pyproject,0,0
507,behavior|quality,0,0
508,behavior|readme,0,0
509,behavior|records,0,0
510,behavior|reduces,0,0
511,behavior|refactoring,0,0
512,behavior|reliability,0,0
513,behavior|repository,0,0
514,behavior|reproducibility,0,0
515,behavior|request,0,0
516,behavior|reuse,0,0
517,behavior|review,0,0
518,behavior|risk,0,0
519,behavior|runs,0,0
520,behavior|secrets,0,0
521,behavior|separates,0,0
522,behavior|snapshot,0,0
523,behavior|source,0,0
524,behavior|src,0,0
525,behavior|standards,0,0
526,behavior|states,0,0
527,behavior|structure,0,0
528,behavior|supports,0,0
529,behavior|system,0,0
530,behavior|tasks,0,0
531,behavior|terms,0,0
532,behavior|test,0,0
533,behavior|tests,0,0
534,behavior|toml,0,0
535,behavior|tools,0,0
536,behavior|tracked,0,0
537,behavior|tracks,0,0
538,behavior|usability,0,0
539,behavior|verifies,0,0
540,behavior|version,0,0
541,behavior|virtual,0,0
542,behavior|with,0,0
543,behavior|work,0,0
544,behavior|workflow,0,0
545,branch|a,0,0
546,branch|and,0,0
547,branch|authors,0,0
548,branch|automates,0,0
549,branch|behavior,0,0
550,branch|branch,0,0
551,branch|changes,0,0
552,branch|checks,0,0
553,branch|code,0,0
554,branch|collaboration,0,0
555,branch|collection,0,0
556,branch|commit,0,0
557,branch|committing,0,0
558,branch|configures,0,0
559,branch|conflicts,0,0
560,branch|consistency,0,0
561,branch|contains,0,0
562,branch|continuous,0,0
563,branch|control,0,0
564,branch|controls,0,0
565,branch|data,0,0
566,branch|defines,0,0
567,branch|dependencies,0,0
568,branch|describes,0,0
569,branch|detects,0,0
570,branch|docs,0,0
571,branch|documentation,0,0
572,branch|documents,0,0
573,branch|enables,0,0
574,branch|endings,0,0
575,branch|enforces,0,0
576,branch|ensures,0,0
577,branch|environment,0,0
578,branch|errors,0,0
579,branch|events,0,0
580,branch|experimentation,0,0
581,branch|explains,0,0
582,branch|file,0,0
583,branch|files,0,0
584,branch|folder,0,0
585,branch|from,0,0
586,branch|git,0,0
587,branch|gitattributes,0,0
588,branch|gitignore,0,0
589,branch|history,0,0
590,branch|ignored,0,0
591,branch|improves,0,0
592,branch|includes,0,0
593,branch|instructions,0,0
594,branch|integration,0,0
595,branch|intent,0,0
596,branch|is,0,0
597,branch|isolates,-0.0400,-0.0400
598,branch|license,0,0
599,branch|line,0,0
600,branch|lists,0,0
601,branch|message,0,0
602,branch|mkdocs,0,0
603,branch|noise,0,0
604,branch|of,0,0
605,branch|on,0,0
606,branch|permissions,0,0
607,branch|portability,0,0
608,branch|prevents,0,0
609,branch|project,0,0
610,branch|proposes,0,0
611,branch|protects,0,0
612,branch|provides,0,0
613,branch|pull,0,0
614,branch|purpose,0,0
615,branch|pyproject,0,0
616,branch|quality,0,0
617,branch|readme,0,0
618,branch|records,0,0
619,branch|reduces,-0.0400,-0.0400
620,branch|refactoring,0,0
621,branch|reliability,0,0
622,branch|repository,0,0
623,branch|reproducibility,0,0
624,branch|request,0,0
625,branch|reuse,0,0
626,branch|review,0,0
627,branch|risk,0,0
628,branch|runs,0,0
629,branch|secrets,0,0
630,branch|separates,0,0
631,branch|snapshot,0,0
632,branch|source,0,0
633,branch|src,0,0
634,branch|standards,0,0
635,branch|states,0,0
636,branch|structure,0,0
637,branch|supports,-0.0400,-0.0400
638,branch|system,0,0
639,branch|tasks,0,0
640,branch|terms,0,0
641,branch|test,0,0
642,branch|tests,0,0
643,branch|toml,0,0
644,branch|tools,0,0
645,branch|tracked,0,0
646,branch|tracks,0,0
647,branch|usability,0,0
648,branch|verifies,0,0
649,branch|version,0,0
650,branch|virtual,0,0
651,branch|with,0,0
652,branch|work,0,0
653,branch|workflow,0,0
654,changes|a,-0.0744,-0.0744
655,changes|and,0,0
656,changes|authors,0,0
657,changes|automates,0,0
658,changes|behavior,0,0
659,changes|branch,0,0
660,changes|changes,0,0
661,changes|checks,0,0
662,changes|code,0,0
663,changes|collaboration,0,0
664,changes|collection,0,0
665,changes|commit,0,0
666,changes|committing,0,0
667,changes|configures,0,0
668,changes|conflicts,0,0
669,changes|consistency,0,0
670,changes|contains,0,0
671,changes|continuous,0,0
672,changes|control,0,0
673,changes|controls,0,0
674,changes|data,0,0
675,changes|defines,0,0
676,changes|dependencies,0,0
677,changes|describes,0,0
678,changes|detects,0,0
679,changes|docs,0,0
680,changes|documentation,0,0
681,changes|documents,0,0
682,changes|enables,0,0
683,changes|endings,0,0
684,changes|enforces,0,0
685,changes|ensures,0,0
686,changes|environment,0,0
687,changes|errors,0,0
688,changes|events,0,0
689,changes|experimentation,0,0
690,changes|explains,0,0
691,changes|file,0,0
692,changes|files,0,0
693,changes|folder,0,0
694,changes|from,0,0
695,changes|git,0,0
696,changes|gitattributes,0,0
697,changes|gitignore,0,0
698,changes|history,0,0
699,changes|ignored,0,0
700,changes|improves,0,0
701,changes|includes,0,0
702,changes|instructions,0,0
703,changes|integration,0,0
704,changes|intent,0,0
705,changes|is,0,0
706,changes|isolates,0,0
707,changes|license,0,0
708,changes|line,0,0
709,changes|lists,0,0
710,changes|message,0,0
711,changes|mkdocs,0,0
712,changes|noise,0,0
713,changes|of,0,0
714,changes|on,0,0
715,changes|permissions,0,0
716,changes|portability,0,0
717,changes|prevents,0,0
718,changes|project,0,0
719,changes|proposes,0,0
720,changes|protects,0,0
721,changes|provides,0,0
722,changes|pull,0,0
723,changes|purpose,0,0
724,changes|pyproject,0,0
725,changes|quality,0,0
726,changes|readme,0,0
727,changes|records,0,0
728,changes|reduces,0,0
729,changes|refactoring,0,0
730,changes|reliability,0,0
731,changes|repository,0,0
732,changes|reproducibility,0,0
733,changes|request,0,0
734,changes|reuse,0,0
735,changes|review,0,0
736,changes|risk,0,0
737,changes|runs,0,0
738,changes|secrets,0,0
739,changes|separates,0,0
740,changes|snapshot,0,0
741,changes|source,0,0
742,changes|src,0,0
743,changes|standards,0,0
744,changes|states,0,0
745,changes|structure,0,0
746,changes|supports,0,0
747,changes|system,0,0
748,changes|tasks,0,0
749,changes|terms,0,0
750,changes|test,0,0
751,changes|tests,0,0
752,changes|toml,0,0
753,changes|tools,0,0
754,changes|tracked,0,0
755,changes|tracks,0,0
756,changes|usability,0,0
757,changes|verifies,0,0
758,changes|version,0,0
759,changes|virtual,0,0
760,changes|with,0,0
761,changes|work,0,0
762,changes|workflow,0,0
763,checks|a,0,0
764,checks|and,0,0
765,checks|authors,0,0
766,checks|automates,0,0
767,checks|behavior,0,0
768,checks|branch,0,0
769,checks|changes,0,0
770,checks|checks,0,0
771,checks|code,0,0
772,checks|collaboration,0,0
773,checks|collection,0,0
774,checks|commit,0,0
775,checks|committing,0,0
776,checks|configures,0,0
777,checks|conflicts,0,0
778,checks|consistency,0,0
779,checks|contains,0,0
780,checks|continuous,-0.0400,-0.0400
781,checks|control,0,0
782,checks|controls,0,0
783,checks|data,0,0
784,checks|defines,0,0
785,checks|dependencies,0,0
786,checks|describes,0,0
787,checks|detects,0,0
788,checks|docs,0,0
789,checks|documentation,0,0
790,checks|documents,0,0
791,checks|enables,0,0
792,checks|endings,0,0
793,checks|enforces,0,0
794,checks|ensures,0,0
795,checks|environment,0,0
796,checks|errors,0,0
797,checks|events,0,0
798,checks|experimentation,0,0
799,checks|explains,0,0
800,checks|file,0,0
801,checks|files,0,0
802,checks|folder,0,0
803,checks|from,0,0
804,checks|git,0,0
805,checks|gitattributes,0,0
806,checks|gitignore,0,0
807,checks|history,0,0
808,checks|ignored,0,0
809,checks|improves,0,0
810,checks|includes,0,0
811,checks|instructions,0,0
812,checks|integration,0,0
813,checks|intent,0,0
814,checks|is,0,0
815,checks|isolates,0,0
816,checks|license,0,0
817,checks|line,0,0
818,checks|lists,0,0
819,checks|message,0,0
820,checks|mkdocs,0,0
821,checks|noise,0,0
822,checks|of,0,0
823,checks|on,0,0
824,checks|permissions,0,0
825,checks|portability,0,0
826,checks|prevents,0,0
827,checks|project,0,0
828,checks|proposes,0,0
829,checks|protects,0,0
830,checks|provides,0,0
831,checks|pull,0,0
832,checks|purpose,0,0
833,checks|pyproject,0,0
834,checks|quality,0,0
835,checks|readme,0,0
836,checks|records,0,0
837,checks|reduces,0,0
838,checks|refactoring,0,0
839,checks|reliability,0,0
840,checks|repository,0,0
841,checks|reproducibility,0,0
842,checks|request,0,0
843,checks|reuse,0,0
844,checks|review,0,0
845,checks|risk,0,0
846,checks|runs,0,0
847,checks|secrets,0,0
848,checks|separates,0,0
849,checks|snapshot,0,0
850,checks|source,0,0
851,checks|src,0,0
852,checks|standards,0,0
853,checks|states,0,0
854,checks|structure,0,0
855,checks|supports,0,0
856,checks|system,0,0
857,checks|tasks,0,0
858,checks|terms,0,0
859,checks|test,0,0
860,checks|tests,0,0
861,checks|toml,0,0
862,checks|tools,0,0
863,checks|tracked,0,0
864,checks|tracks,0,0
865,checks|usability,0,0
866,checks|verifies,0,0
867,checks|version,0,0
868,checks|virtual,0,0
869,checks|with,0,0
870,checks|work,0,0
871,checks|workflow,0,0
872,code|a,-0.0744,-0.0744
873,code|and,-0.0400,-0.0400
874,code|authors,0,0
875,code|automates,0,0
876,code|behavior,0,0
877,code|branch,0,0
878,code|changes,0,0
879,code|checks,0,0
880,code|code,0,0
881,code|collaboration,0,0
882,code|collection,0,0
883,code|commit,0,0
884,code|committing,0,0
885,code|configures,0,0
886,code|conflicts,0,0
887,code|consistency,0,0
888,code|contains,0,0
889,code|continuous,0,0
890,code|control,0,0
891,code|controls,0,0
892,code|data,0,0
893,code|defines,0,0
894,code|dependencies,0,0
895,code|describes,0,0
896,code|detects,0,0
897,code|docs,0,0
898,code|documentation,0,0
899,code|documents,0,0
900,code|enables,0,0
901,code|endings,0,0
902,code|enforces,0,0
903,code|ensures,0,0
904,code|environment,0,0
905,code|errors,0,0
906,code|events,0,0
907,code|experimentation,0,0
908,code|explains,0,0
909,code|file,0,0
910,code|files,0,0
911,code|folder,0,0
912,code|from,-0.0400,-0.0400
913,code|git,0,0
914,code|gitattributes,0,0
915,code|gitignore,0,0
916,code|history,0,0
917,code|ignored,0,0
918,code|improves,0,0
919,code|includes,0,0
920,code|instructions,0,0
921,code|integration,0,0
922,code|intent,0,0
923,code|is,0,0
924,code|isolates,0,0
925,code|license,0,0
926,code|line,0,0
927,code|lists,0,0
928,code|message,0,0
929,code|mkdocs,0,0
930,code|noise,0,0
931,code|of,0,0
932,code|on,0,0
933,code|permissions,0,0
934,code|portability,0,0
935,code|prevents,0,0
936,code|project,0,0
937,code|proposes,0,0
938,code|protects,0,0
939,code|provides,0,0
940,code|pull,0,0
941,code|purpose,0,0
942,code|pyproject,0,0
943,code|quality,0,0
944,code|readme,0,0
945,code|records,0,0
946,code|reduces,0,0
947,code|refactoring,0,0
948,code|reliability,0,0
949,code|repository,0,0
950,code|reproducibility,0,0
951,code|request,0,0
952,code|reuse,0,0
953,code|review,0,0
954,code|risk,0,0
955,code|runs,0,0
956,code|secrets,0,0
957,code|separates,0,0
958,code|snapshot,0,0
959,code|source,0,0
960,code|src,0,0
961,code|standards,0,0
962,code|states,0,0
963,code|structure,0,0
964,code|supports,0,0
965,code|system,0,0
966,code|tasks,0,0
967,code|terms,0,0
968,code|test,0,0
969,code|tests,0,0
970,code|toml,0,0
971,code|tools,0,0
972,code|tracked,0,0
973,code|tracks,0,0
974,code|usability,0,0
975,code|verifies,0,0
976,code|version,0,0
977,code|virtual,0,0
978,code|with,0,0
979,code|work,0,0
980,code|workflow,0,0
981,collaboration|a,-0.0400,-0.0400
982,collaboration|and,0,0
983,collaboration|authors,0,0
984,collaboration|automates,0,0
985,collaboration|behavior,0,0
986,collaboration|branch,0,0
987,collaboration|changes,0,0
988,collaboration|checks,0,0
989,collaboration|code,0,0
990,collaboration|collaboration,0,0
991,collaboration|collection,0,0
992,collaboration|commit,0,0
993,collaboration|committing,0,0
994,collaboration|configures,0,0
995,collaboration|conflicts,0,0
996,collaboration|consistency,0,0
997,collaboration|contains,0,0
998,collaboration|continuous,0,0
999,collaboration|control,0,0
1000,collaboration|controls,0,0
1001,collaboration|data,0,0
1002,collaboration|defines,0,0
1003,collaboration|dependencies,0,0
1004,collaboration|describes,0,0
1005,collaboration|detects,0,0
1006,collaboration|docs,0,0
1007,collaboration|documentation,0,0
1008,collaboration|documents,0,0
1009,collaboration|enables,0,0
1010,collaboration|endings,0,0
1011,collaboration|enforces,0,0
1012,collaboration|ensures,0,0
1013,collaboration|environment,0,0
1014,collaboration|errors,0,0
1015,collaboration|events,0,0
1016,collaboration|experimentation,0,0
1017,collaboration|explains,0,0
1018,collaboration|file,0,0
1019,collaboration|files,0,0
1020,collaboration|folder,0,0
1021,collaboration|from,0,0
1022,collaboration|git,0,0
1023,collaboration|gitattributes,0,0
1024,collaboration|gitignore,0,0
1025,collaboration|history,0,0
1026,collaboration|ignored,0,0
1027,collaboration|improves,0,0
1028,collaboration|includes,0,0
1029,collaboration|instructions,0,0
1030,collaboration|integration,0,0
1031,collaboration|intent,0,0
1032,collaboration|is,0,0
1033,collaboration|isolates,0,0
1034,collaboration|license,0,0
1035,collaboration|line,0,0
1036,collaboration|lists,0,0
1037,collaboration|message,0,0
1038,collaboration|mkdocs,0,0
1039,collaboration|noise,0,0
1040,collaboration|of,0,0
1041,collaboration|on,0,0
1042,collaboration|permissions,0,0
1043,collaboration|portability,0,0
1044,collaboration|prevents,0,0
1045,collaboration|project,0,0
1046,collaboration|proposes,0,0
1047,collaboration|protects,0,0
1048,collaboration|provides,0,0
1049,collaboration|pull,0,0
1050,collaboration|purpose,0,0
1051,collaboration|pyproject,0,0
1052,collaboration|quality,0,0
1053,collaboration|readme,0,0
1054,collaboration|records,0,0
1055,collaboration|reduces,0,0
1056,collaboration|refactoring,0,0
1057,collaboration|reliability,0,0
1058,collaboration|repository,0,0
1059,collaboration|reproducibility,0,0
1060,collaboration|request,0,0
1061,collaboration|reuse,0,0
1062,collaboration|review,0,0
1063,collaboration|risk,0,0
1064,collaboration|runs,0,0
1065,collaboration|secrets,0,0
1066,collaboration|separates,0,0
1067,collaboration|snapshot,0,0
1068,collaboration|source,0,0
1069,collaboration|src,0,0
1070,collaboration|standards,0,0
1071,collaboration|states,0,0
1072,collaboration|structure,0,0
1073,collaboration|supports,0,0
1074,collaboration|system,0,0
1075,collaboration|tasks,0,0
1076,collaboration|terms,0,0
1077,collaboration|test,0,0
1078,collaboration|tests,0,0
1079,collaboration|toml,0,0
1080,collaboration|tools,0,0
1081,collaboration|tracked,0,0
1082,collaboration|tracks,0,0
1083,collaboration|usability,0,0
1084,collaboration|verifies,0,0
1085,collaboration|version,0,0
1086,collaboration|virtual,0,0
1087,collaboration|with,0,0
1088,collaboration|work,0,0
1089,collaboration|workflow,0,0
1090,collection|a,0,0
1091,collection|and,0,0
1092,collection|authors,0,0
1093,collection|automates,0,0
1094,collection|behavior,0,0
1095,collection|branch,0,0
1096,collection|changes,0,0
1097,collection|checks,0,0
1098,collection|code,0,0
1099,collection|collaboration,0,0
1100,collection|collection,0,0
1101,collection|commit,0,0
1102,collection|committing,0,0
1103,collection|configures,0,0
1104,collection|conflicts,0,0
1105,collection|consistency,0,0
1106,collection|contains,0,0
1107,collection|continuous,0,0
1108,collection|control,0,0
1109,collection|controls,0,0
1110,collection|data,0,0
1111,collection|defines,0,0
1112,collection|dependencies,0,0
1113,collection|describes,0,0
1114,collection|detects,0,0
1115,collection|docs,0,0
1116,collection|documentation,0,0
1117,collection|documents,0,0
1118,collection|enables,0,0
1119,collection|endings,0,0
1120,collection|enforces,0,0
1121,collection|ensures,0,0
1122,collection|environment,0,0
1123,collection|errors,0,0
1124,collection|events,0,0
1125,collection|experimentation,0,0
1126,collection|explains,0,0
1127,collection|file,0,0
1128,collection|files,0,0
1129,collection|folder,0,0
1130,collection|from,0,0
1131,collection|git,0,0
1132,collection|gitattributes,0,0
1133,collection|gitignore,0,0
1134,collection|history,0,0
1135,collection|ignored,0,0
1136,collection|improves,0,0
1137,collection|includes,0,0
1138,collection|instructions,0,0
1139,collection|integration,0,0
1140,collection|intent,0,0
1141,collection|is,0,0
1142,collection|isolates,0,0
1143,collection|license,0,0
1144,collection|line,0,0
1145,collection|lists,0,0
1146,collection|message,0,0
1147,collection|mkdocs,0,0
1148,collection|noise,0,0
1149,collection|of,-0.0400,-0.0400
1150,collection|on,0,0
1151,collection|permissions,0,0
1152,collection|portability,0,0
1153,collection|prevents,0,0
1154,collection|project,0,0
1155,collection|proposes,0,0
1156,collection|protects,0,0
1157,collection|provides,0,0
1158,collection|pull,0,0
1159,collection|purpose,0,0
1160,collection|pyproject,0,0
1161,collection|quality,0,0
1162,collection|readme,0,0
1163,collection|records,0,0
1164,collection|reduces,0,0
1165,collection|refactoring,0,0
1166,collection|reliability,0,0
1167,collection|repository,0,0
1168,collection|reproducibility,0,0
1169,collection|request,0,0
1170,collection|reuse,0,0
1171,collection|review,0,0
1172,collection|risk,0,0
1173,collection|runs,0,0
1174,collection|secrets,0,0
1175,collection|separates,0,0
1176,collection|snapshot,0,0
1177,collection|source,0,0
1178,collection|src,0,0
1179,collection|standards,0,0
1180,collection|states,0,0
1181,collection|structure,0,0
1182,collection|supports,0,0
1183,collection|system,0,0
1184,collection|tasks,0,0
1185,collection|terms,0,0
1186,collection|test,0,0
1187,collection|tests,0,0
1188,collection|toml,0,0
1189,collection|tools,0,0
1190,collection|tracked,0,0
1191,collection|tracks,0,0
1192,collection|usability,0,0
1193,collection|verifies,0,0
1194,collection|version,0,0
1195,collection|virtual,0,0
1196,collection|with,0,0
1197,collection|work,0,0
1198,collection|workflow,0,0
1199,commit|a,0,0
1200,commit|and,0,0
1201,commit|authors,0,0
1202,commit|automates,0,0
1203,commit|behavior,0,0
1204,commit|branch,0,0
1205,commit|changes,0,0
1206,commit|checks,0,0
1207,commit|code,0,0
1208,commit|collaboration,0,0
1209,commit|collection,0,0
1210,commit|commit,0,0
1211,commit|committing,0,0
1212,commit|configures,0,0
1213,commit|conflicts,0,0
1214,commit|consistency,0,0
1215,commit|contains,0,0
1216,commit|continuous,0,0
1217,commit|control,0,0
1218,commit|controls,0,0
1219,commit|data,0,0
1220,commit|defines,0,0
1221,commit|dependencies,0,0
1222,commit|describes,0,0
1223,commit|detects,0,0
1224,commit|docs,0,0
1225,commit|documentation,0,0
1226,commit|documents,-0.0400,-0.0400
1227,commit|enables,0,0
1228,commit|endings,0,0
1229,commit|enforces,0,0
1230,commit|ensures,0,0
1231,commit|environment,0,0
1232,commit|errors,0,0
1233,commit|events,0,0
1234,commit|experimentation,0,0
1235,commit|explains,0,0
1236,commit|file,0,0
1237,commit|files,0,0
1238,commit|folder,0,0
1239,commit|from,0,0
1240,commit|git,0,0
1241,commit|gitattributes,0,0
1242,commit|gitignore,0,0
1243,commit|history,0,0
1244,commit|ignored,0,0
1245,commit|improves,0,0
1246,commit|includes,4.3188,-0.0400
1247,commit|instructions,0,0
1248,commit|integration,0,0
1249,commit|intent,0,0
1250,commit|is,0,0
1251,commit|isolates,0,0
1252,commit|license,0,0
1253,commit|line,0,0
1254,commit|lists,0,0
1255,commit|message,0,0
1256,commit|mkdocs,0,0
1257,commit|noise,0,0
1258,commit|of,0,0
1259,commit|on,0,0
1260,commit|permissions,0,0
1261,commit|portability,0,0
1262,commit|prevents,0,0
1263,commit|project,0,0
1264,commit|proposes,0,0
1265,commit|protects,0,0
1266,commit|provides,0,0
1267,commit|pull,0,0
1268,commit|purpose,0,0
1269,commit|pyproject,0,0
1270,commit|quality,0,0
1271,commit|readme,0,0
1272,commit|records,4.3188,-0.0400
1273,commit|reduces,0,0
1274,commit|refactoring,0,0
1275,commit|reliability,0,0
1276,commit|repository,0,0
1277,commit|reproducibility,0,0
1278,commit|request,0,0
1279,commit|reuse,0,0
1280,commit|review,0,0
1281,commit|risk,0,0
1282,commit|runs,0,0
1283,commit|secrets,0,0
1284,commit|separates,0,0
1285,commit|snapshot,0,0
1286,commit|source,0,0
1287,commit|src,0,0
1288,commit|standards,0,0
1289,commit|states,0,0
1290,commit|structure,0,0
1291,commit|supports,0,0
1292,commit|system,0,0
1293,commit|tasks,0,0
1294,commit|terms,0,0
1295,commit|test,0,0
1296,commit|tests,0,0
1297,commit|toml,0,0
1298,commit|tools,0,0
1299,commit|tracked,0,0
1300,commit|tracks,0,0
1301,commit|usability,0,0
1302,commit|verifies,0,0
1303,commit|version,0,0
1304,commit|virtual,0,0
1305,commit|with,0,0
1306,commit|work,0,0
1307,commit|workflow,0,0
1308,committing|a,0,0
1309,committing|and,0,0
1310,committing|authors,0,0
1311,committing|automates,0,0
1312,committing|behavior,0,0
1313,committing|branch,0,0
1314,committing|changes,0,0
1315,committing|checks,0,0
1316,committing|code,0,0
1317,committing|collaboration,0,0
1318,committing|collection,0,0
1319,committing|commit,0,0
1320,committing|committing,0,0
1321,committing|configures,0,0
1322,committing|conflicts,0,0
1323,committing|consistency,0,0
1324,committing|contains,0,0
1325,committing|continuous,0,0
1326,committing|control,0,0
1327,committing|controls,0,0
1328,committing|data,0,0
1329,committing|defines,0,0
1330,committing|dependencies,0,0
1331,committing|describes,0,0
1332,committing|detects,0,0
1333,committing|docs,0,0
1334,committing|documentation,0,0
1335,committing|documents,0,0
1336,committing|enables,0,0
1337,committing|endings,0,0
1338,committing|enforces,0,0
1339,committing|ensures,0,0
1340,committing|environment,0,0
1341,committing|errors,0,0
1342,committing|events,0,0
1343,committing|experimentation,0,0
1344,committing|explains,0,0
1345,committing|file,0,0
1346,committing|files,0,0
1347,committing|folder,0,0
1348,committing|from,0,0
1349,committing|git,0,0
1350,committing|gitattributes,0,0
1351,committing|gitignore,0,0
1352,committing|history,0,0
1353,committing|ignored,0,0
1354,committing|improves,0,0
1355,committing|includes,0,0
1356,committing|instructions,0,0
1357,committing|integration,0,0
1358,committing|intent,0,0
1359,committing|is,0,0
1360,committing|isolates,0,0
1361,committing|license,0,0
1362,committing|line,0,0
1363,committing|lists,0,0
1364,committing|message,0,0
1365,committing|mkdocs,0,0
1366,committing|noise,0,0
1367,committing|of,0,0
1368,committing|on,0,0
1369,committing|permissions,0,0
1370,committing|portability,0,0
1371,committing|prevents,0,0
1372,committing|project,0,0
1373,committing|proposes,0,0
1374,committing|protects,0,0
1375,committing|provides,0,0
1376,committing|pull,0,0
1377,committing|purpose,0,0
1378,committing|pyproject,0,0
1379,committing|quality,0,0
1380,committing|readme,0,0
1381,committing|records,0,0
1382,committing|reduces,0,0
1383,committing|refactoring,0,0
1384,committing|reliability,0,0
1385,committing|repository,0,0
1386,committing|reproducibility,0,0
1387,committing|request,0,0
1388,committing|reuse,0,0
1389,committing|review,0,0
1390,committing|risk,0,0
1391,committing|runs,0,0
1392,committing|secrets,4.3188,-0.0400
1393,committing|separates,0,0
1394,committing|snapshot,0,0
1395,committing|source,0,0
1396,committing|src,0,0
1397,committing|standards,0,0
1398,committing|states,0,0
1399,committing|structure,0,0
1400,committing|supports,0,0
1401,committing|system,0,0
1402,committing|tasks,0,0
1403,committing|terms,0,0
1404,committing|test,0,0
1405,committing|tests,0,0
1406,committing|toml,0,0
1407,committing|tools,0,0
1408,committing|tracked,0,0
1409,committing|tracks,0,0
1410,committing|usability,0,0
1411,committing|verifies,0,0
1412,committing|version,0,0
1413,committing|virtual,0,0
1414,committing|with,0,0
1415,committing|work,0,0
1416,committing|workflow,0,0
1417,configures|a,-0.0400,-0.0400
1418,configures|and,0,0
1419,configures|authors,0,0
1420,configures|automates,0,0
1421,configures|behavior,0,0
1422,configures|branch,0,0
1423,configures|changes,0,0
1424,configures|checks,0,0
1425,configures|code,0,0
1426,configures|collaboration,0,0
1427,configures|collection,0,0
1428,configures|commit,0,0
1429,configures|committing,0,0
1430,configures|configures,0,0
1431,configures|conflicts,0,0
1432,configures|consistency,0,0
1433,configures|contains,0,0
1434,configures|continuous,0,0
1435,configures|control,0,0
1436,configures|controls,0,0
1437,configures|data,0,0
1438,configures|defines,0,0
1439,configures|dependencies,0,0
1440,configures|describes,0,0
1441,configures|detects,0,0
1442,configures|docs,0,0
1443,configures|documentation,0,0
1444,configures|documents,0,0
1445,configures|enables,0,0
1446,configures|endings,0,0
1447,configures|enforces,0,0
1448,configures|ensures,0,0
1449,configures|environment,0,0
1450,configures|errors,0,0
1451,configures|events,0,0
1452,configures|experimentation,0,0
1453,configures|explains,0,0
1454,configures|file,0,0
1455,configures|files,0,0
1456,configures|folder,0,0
1457,configures|from,0,0
1458,configures|git,0,0
1459,configures|gitattributes,0,0
1460,configures|gitignore,0,0
1461,configures|history,0,0
1462,configures|ignored,0,0
1463,configures|improves,0,0
1464,configures|includes,0,0
1465,configures|instructions,0,0
1466,configures|integration,0,0
1467,configures|intent,0,0
1468,configures|is,0,0
1469,configures|isolates,0,0
1470,configures|license,0,0
1471,configures|line,0,0
1472,configures|lists,0,0
1473,configures|message,0,0
1474,configures|mkdocs,0,0
1475,configures|noise,0,0
1476,configures|of,0,0
1477,configures|on,0,0
1478,configures|permissions,0,0
1479,configures|portability,0,0
1480,configures|prevents,0,0
1481,configures|project,0,0
1482,configures|proposes,0,0
1483,configures|protects,0,0
1484,configures|provides,0,0
1485,configures|pull,0,0
1486,configures|purpose,0,0
1487,configures|pyproject,0,0
1488,configures|quality,0,0
1489,configures|readme,0,0
1490,configures|records,0,0
1491,configures|reduces,0,0
1492,configures|refactoring,0,0
1493,configures|reliability,0,0
1494,configures|repository,0,0
1495,configures|reproducibility,0,0
1496,configures|request,0,0
1497,configures|reuse,0,0
1498,configures|review,0,0
1499,configures|risk,0,0
1500,configures|runs,0,0
1501,configures|secrets,0,0
1502,configures|separates,0,0
1503,configures|snapshot,0,0
1504,configures|source,0,0
1505,configures|src,0,0
1506,configures|standards,0,0
1507,configures|states,0,0
1508,configures|structure,0,0
1509,configures|supports,0,0
1510,configures|system,0,0
1511,configures|tasks,0,0
1512,configures|terms,0,0
1513,configures|test,0,0
1514,configures|tests,0,0
1515,configures|toml,0,0
1516,configures|tools,0,0
1517,configures|tracked,0,0
1518,configures|tracks,0,0
1519,configures|usability,0,0
1520,configures|verifies,0,0
1521,configures|version,0,0
1522,configures|virtual,0,0
1523,configures|with,0,0
1524,configures|work,0,0
1525,configures|workflow,0,0
1526,conflicts|a,-0.0400,-0.0400
1527,conflicts|and,0,0
1528,conflicts|authors,0,0
1529,conflicts|automates,0,0
1530,conflicts|behavior,0,0
1531,conflicts|branch,0,0
1532,conflicts|changes,0,0
1533,conflicts|checks,0,0
1534,conflicts|code,0,0
1535,conflicts|collaboration,0,0
1536,conflicts|collection,0,0
1537,conflicts|commit,0,0
1538,conflicts|committing,0,0
1539,conflicts|configures,0,0
1540,conflicts|conflicts,0,0
1541,conflicts|consistency,0,0
1542,conflicts|contains,0,0
1543,conflicts|continuous,0,0
1544,conflicts|control,0,0
1545,conflicts|controls,0,0
1546,conflicts|data,0,0
1547,conflicts|defines,0,0
1548,conflicts|dependencies,0,0
1549,conflicts|describes,0,0
1550,conflicts|detects,0,0
1551,conflicts|docs,0,0
1552,conflicts|documentation,0,0
1553,conflicts|documents,0,0
1554,conflicts|enables,0,0
1555,conflicts|endings,0,0
1556,conflicts|enforces,0,0
1557,conflicts|ensures,0,0
1558,conflicts|environment,0,0
1559,conflicts|errors,0,0
1560,conflicts|events,0,0
1561,conflicts|experimentation,0,0
1562,conflicts|explains,0,0
1563,conflicts|file,0,0
1564,conflicts|files,0,0
1565,conflicts|folder,0,0
1566,conflicts|from,0,0
1567,conflicts|git,0,0
1568,conflicts|gitattributes,0,0
1569,conflicts|gitignore,0,0
1570,conflicts|history,0,0
1571,conflicts|ignored,0,0
1572,conflicts|improves,0,0
1573,conflicts|includes,0,0
1574,conflicts|instructions,0,0
1575,conflicts|integration,0,0
1576,conflicts|intent,0,0
1577,conflicts|is,0,0
1578,conflicts|isolates,0,0
1579,conflicts|license,0,0
1580,conflicts|line,0,0
1581,conflicts|lists,0,0
1582,conflicts|message,0,0
1583,conflicts|mkdocs,0,0
1584,conflicts|noise,0,0
1585,conflicts|of,0,0
1586,conflicts|on,0,0
1587,conflicts|permissions,0,0
1588,conflicts|portability,0,0
1589,conflicts|prevents,0,0
1590,conflicts|project,0,0
1591,conflicts|proposes,0,0
1592,conflicts|protects,0,0
1593,conflicts|provides,0,0
1594,conflicts|pull,0,0
1595,conflicts|purpose,0,0
1596,conflicts|pyproject,0,0
1597,conflicts|quality,0,0
1598,conflicts|readme,0,0
1599,conflicts|records,0,0
1600,conflicts|reduces,0,0
1601,conflicts|refactoring,0,0
1602,conflicts|reliability,0,0
1603,conflicts|repository,0,0
1604,conflicts|reproducibility,0,0
1605,conflicts|request,0,0
1606,conflicts|reuse,0,0
1607,conflicts|review,0,0
1608,conflicts|risk,0,0
1609,conflicts|runs,0,0
1610,conflicts|secrets,0,0
1611,conflicts|separates,0,0
1612,conflicts|snapshot,0,0
1613,conflicts|source,0,0
1614,conflicts|src,0,0
1615,conflicts|standards,0,0
1616,conflicts|states,0,0
1617,conflicts|structure,0,0
1618,conflicts|supports,0,0
1619,conflicts|system,0,0
1620,conflicts|tasks,0,0
1621,conflicts|terms,0,0
1622,conflicts|test,0,0
1623,conflicts|tests,0,0
1624,conflicts|toml,0,0
1625,conflicts|tools,0,0
1626,conflicts|tracked,0,0
1627,conflicts|tracks,0,0
1628,conflicts|usability,0,0
1629,conflicts|verifies,0,0
1630,conflicts|version,0,0
1631,conflicts|virtual,0,0
1632,conflicts|with,0,0
1633,conflicts|work,0,0
1634,conflicts|workflow,0,0
1635,consistency|a,-0.0400,-0.0400
1636,consistency|and,0,0
1637,consistency|authors,0,0
1638,consistency|automates,0,0
1639,consistency|behavior,0,0
1640,consistency|branch,0,0
1641,consistency|changes,0,0
1642,consistency|checks,0,0
1643,consistency|code,0,0
1644,consistency|collaboration,0,0
1645,consistency|collection,0,0
1646,consistency|commit,0,0
1647,consistency|committing,0,0
1648,consistency|configures,0,0
1649,consistency|conflicts,0,0
1650,consistency|consistency,0,0
1651,consistency|contains,0,0
1652,consistency|continuous,0,0
1653,consistency|control,0,0
1654,consistency|controls,0,0
1655,consistency|data,0,0
1656,consistency|defines,0,0
1657,consistency|dependencies,0,0
1658,consistency|describes,0,0
1659,consistency|detects,0,0
1660,consistency|docs,0,0
1661,consistency|documentation,0,0
1662,consistency|documents,0,0
1663,consistency|enables,0,0
1664,consistency|endings,0,0
1665,consistency|enforces,0,0
1666,consistency|ensures,0,0
1667,consistency|environment,0,0
1668,consistency|errors,0,0
1669,consistency|events,0,0
1670,consistency|experimentation,0,0
1671,consistency|explains,0,0
1672,consistency|file,0,0
1673,consistency|files,0,0
1674,consistency|folder,0,0
1675,consistency|from,0,0
1676,consistency|git,0,0
1677,consistency|gitattributes,0,0
1678,consistency|gitignore,0,0
1679,consistency|history,0,0
1680,consistency|ignored,0,0
1681,consistency|improves,0,0
1682,consistency|includes,0,0
1683,consistency|instructions,0,0
1684,consistency|integration,0,0
1685,consistency|intent,0,0
1686,consistency|is,0,0
1687,consistency|isolates,0,0
1688,consistency|license,0,0
1689,consistency|line,0,0
1690,consistency|lists,0,0
1691,consistency|message,0,0
1692,consistency|mkdocs,0,0
1693,consistency|noise,0,0
1694,consistency|of,0,0
1695,consistency|on,0,0
1696,consistency|permissions,0,0
1697,consistency|portability,0,0
1698,consistency|prevents,0,0
1699,consistency|project,0,0
1700,consistency|proposes,0,0
1701,consistency|protects,0,0
1702,consistency|provides,0,0
1703,consistency|pull,0,0
1704,consistency|purpose,0,0
1705,consistency|pyproject,0,0
1706,consistency|quality,0,0
1707,consistency|readme,0,0
1708,consistency|records,0,0
1709,consistency|reduces,0,0
1710,consistency|refactoring,0,0
1711,consistency|reliability,0,0
1712,consistency|repository,0,0
1713,consistency|reproducibility,0,0
1714,consistency|request,0,0
1715,consistency|reuse,0,0
1716,consistency|review,0,0
1717,consistency|risk,0,0
1718,consistency|runs,0,0
1719,consistency|secrets,0,0
1720,consistency|separates,0,0
1721,consistency|snapshot,0,0
1722,consistency|source,0,0
1723,consistency|src,0,0
1724,consistency|standards,0,0
1725,consistency|states,0,0
1726,consistency|structure,0,0
1727,consistency|supports,0,0
1728,consistency|system,0,0
1729,consistency|tasks,0,0
1730,consistency|terms,0,0
1731,consistency|test,0,0
1732,consistency|tests,0,0
1733,consistency|toml,0,0
1734,consistency|tools,0,0
1735,consistency|tracked,0,0
1736,consistency|tracks,0,0
1737,consistency|usability,0,0
1738,consistency|verifies,0,0
1739,consistency|version,0,0
1740,consistency|virtual,0,0
1741,consistency|with,0,0
1742,consistency|work,0,0
1743,consistency|workflow,0,0
1744,contains|a,0,0
1745,contains|and,0,0
1746,contains|authors,0,0
1747,contains|automates,0,0
1748,contains|behavior,0,0
1749,contains|branch,0,0
1750,contains|changes,0,0
1751,contains|checks,0,0
1752,contains|code,-0.0400,4.3188
1753,contains|collaboration,0,0
1754,contains|collection,0,0
1755,contains|commit,0,0
1756,contains|committing,0,0
1757,contains|configures,0,0
1758,contains|conflicts,0,0
1759,contains|consistency,0,0
1760,contains|contains,0,0
1761,contains|continuous,0,0
1762,contains|control,0,0
1763,contains|controls,0,0
1764,contains|data,0,0
1765,contains|defines,0,0
1766,contains|dependencies,0,0
1767,contains|describes,0,0
1768,contains|detects,0,0
1769,contains|docs,0,0
1770,contains|documentation,4.3188,-0.0400
1771,contains|documents,0,0
1772,contains|enables,0,0
1773,contains|endings,0,0
1774,contains|enforces,0,0
1775,contains|ensures,0,0
1776,contains|environment,0,0
1777,contains|errors,0,0
1778,contains|events,0,0
1779,contains|experimentation,0,0
1780,contains|explains,0,0
1781,contains|file,0,0
1782,contains|files,0,0
1783,contains|folder,0,0
1784,contains|from,0,0
1785,contains|git,0,0
1786,contains|gitattributes,0,0
1787,contains|gitignore,0,0
1788,contains|history,0,0
1789,contains|ignored,0,0
1790,contains|improves,0,0
1791,contains|includes,0,0
1792,contains|instructions,0,0
1793,contains|integration,0,0
1794,contains|intent,0,0
1795,contains|is,0,0
1796,contains|isolates,0,0
1797,contains|license,0,0
1798,contains|line,0,0
1799,contains|lists,0,0
1800,contains|message,0,0
1801,contains|mkdocs,0,0
1802,contains|noise,0,0
1803,contains|of,0,0
1804,contains|on,0,0
1805,contains|permissions,0,0
1806,contains|portability,0,0
1807,contains|prevents,0,0
1808,contains|project,0,0
1809,contains|proposes,0,0
1810,contains|protects,0,0
1811,contains|provides,0,0
1812,contains|pull,0,0
1813,contains|purpose,0,0
1814,contains|pyproject,0,0
1815,contains|quality,0,0
1816,contains|readme,0,0
1817,contains|records,0,0
1818,contains|reduces,0,0
1819,contains|refactoring,0,0
1820,contains|reliability,0,0
1821,contains|repository,0,0
1822,contains|reproducibility,0,0
1823,contains|request,0,0
1824,contains|reuse,0,0
1825,contains|review,0,0
1826,contains|risk,0,0
1827,contains|runs,0,0
1828,contains|secrets,0,0
1829,contains|separates,0,0
1830,contains|snapshot,0,0
1831,contains|source,-0.0400,-0.0400
1832,contains|src,0,0
1833,contains|standards,0,0
1834,contains|states,0,0
1835,contains|structure,0,0
1836,contains|supports,0,0
1837,contains|system,0,0
1838,contains|tasks,0,0
1839,contains|terms,0,0
1840,contains|test,-0.0400,-0.0400
1841,contains|tests,0,0
1842,contains|toml,0,0
1843,contains|tools,0,0
1844,contains|tracked,0,0
1845,contains|tracks,0,0
1846,contains|usability,0,0
1847,contains|verifies,0,0
1848,contains|version,0,0
1849,contains|virtual,0,0
1850,contains|with,0,0
1851,contains|work,0,0
1852,contains|workflow,0,0
1853,continuous|a,0,0
1854,continuous|and,0,0
1855,continuous|authors,0,0
1856,continuous|automates,0,0
1857,continuous|behavior,0,0
1858,continuous|branch,0,0
1859,continuous|changes,0,0
1860,continuous|checks,0,0
1861,continuous|code,0,0
1862,continuous|collaboration,0,0
1863,continuous|collection,0,0
1864,continuous|commit,0,0
1865,continuous|committing,0,0
1866,continuous|configures,0,0
1867,continuous|conflicts,0,0
1868,continuous|consistency,0,0
1869,continuous|contains,0,0
1870,continuous|continuous,0,0
1871,continuous|control,0,0
1872,continuous|controls,0,0
1873,continuous|data,0,0
1874,continuous|defines,0,0
1875,continuous|dependencies,0,0
1876,continuous|describes,0,0
1877,continuous|detects,0,0
1878,continuous|docs,0,0
1879,continuous|documentation,0,0
1880,continuous|documents,0,0
1881,continuous|enables,0,0
1882,continuous|endings,0,0
1883,continuous|enforces,0,0
1884,continuous|ensures,0,0
1885,continuous|environment,0,0
1886,continuous|errors,0,0
1887,continuous|events,0,0
1888,continuous|experimentation,0,0
1889,continuous|explains,0,0
1890,continuous|file,0,0
1891,continuous|files,0,0
1892,continuous|folder,0,0
1893,continuous|from,0,0
1894,continuous|git,0,0
1895,continuous|gitattributes,0,0
1896,continuous|gitignore,0,0
1897,continuous|history,0,0
1898,continuous|ignored,0,0
1899,continuous|improves,0,0
1900,continuous|includes,0,0
1901,continuous|instructions,0,0
1902,continuous|integration,-0.1060,-0.1060
1903,continuous|intent,0,0
1904,continuous|is,0,0
1905,continuous|isolates,0,0
1906,continuous|license,0,0
1907,continuous|line,0,0
1908,continuous|lists,0,0
1909,continuous|message,0,0
1910,continuous|mkdocs,0,0
1911,continuous|noise,0,0
1912,continuous|of,0,0
1913,continuous|on,0,0
1914,continuous|permissions,0,0
1915,continuous|portability,0,0
1916,continuous|prevents,0,0
1917,continuous|project,0,0
1918,continuous|proposes,0,0
1919,continuous|protects,0,0
1920,continuous|provides,0,0
1921,continuous|pull,0,0
1922,continuous|purpose,0,0
1923,continuous|pyproject,0,0
1924,continuous|quality,0,0
1925,continuous|readme,0,0
1926,continuous|records,0,0
1927,continuous|reduces,0,0
1928,continuous|refactoring,0,0
1929,continuous|reliability,0,0
1930,continuous|repository,0,0
1931,continuous|reproducibility,0,0
1932,continuous|request,0,0
1933,continuous|reuse,0,0
1934,continuous|review,0,0
1935,continuous|risk,0,0
1936,continuous|runs,0,0
1937,continuous|secrets,0,0
1938,continuous|separates,0,0
1939,continuous|snapshot,0,0
1940,continuous|source,0,0
1941,continuous|src,0,0
1942,continuous|standards,0,0
1943,continuous|states,0,0
1944,continuous|structure,0,0
1945,continuous|supports,0,0
1946,continuous|system,0,0
1947,continuous|tasks,0,0
1948,continuous|terms,0,0
1949,continuous|test,0,0
1950,continuous|tests,0,0
1951,continuous|toml,0,0
1952,continuous|tools,0,0
1953,continuous|tracked,0,0
1954,continuous|tracks,0,0
1955,continuous|usability,0,0
1956,continuous|verifies,0,0
1957,continuous|version,0,0
1958,continuous|virtual,0,0
1959,continuous|with,0,0
1960,continuous|work,0,0
1961,continuous|workflow,0,0
1962,control|a,0,0
1963,control|and,0,0
1964,control|authors,0,0
1965,control|automates,0,0
1966,control|behavior,0,0
1967,control|branch,0,0
1968,control|changes,0,0
1969,control|checks,0,0
1970,control|code,0,0
1971,control|collaboration,0,0
1972,control|collection,0,0
1973,control|commit,0,0
1974,control|committing,0,0
1975,control|configures,0,0
1976,control|conflicts,0,0
1977,control|consistency,0,0
1978,control|contains,0,0
1979,control|continuous,0,0
1980,control|control,0,0
1981,control|controls,0,0
1982,control|data,0,0
1983,control|defines,0,0
1984,control|dependencies,0,0
1985,control|describes,0,0
1986,control|detects,0,0
1987,control|docs,0,0
1988,control|documentation,0,0
1989,control|documents,0,0
1990,control|enables,0,0
1991,control|endings,0,0
1992,control|enforces,0,0
1993,control|ensures,0,0
1994,control|environment,0,0
1995,control|errors,0,0
1996,control|events,0,0
1997,control|experimentation,0,0
1998,control|explains,0,0
1999,control|file,0,0
2000,control|files,0,0
2001,control|folder,0,0
2002,control|from,0,0
2003,control|git,0,0
2004,control|gitattributes,0,0
2005,control|gitignore,0,0
2006,control|history,0,0
2007,control|ignored,0,0
2008,control|improves,0,0
2009,control|includes,0,0
2010,control|instructions,0,0
2011,control|integration,0,0
2012,control|intent,0,0
2013,control|is,0,0
2014,control|isolates,0,0
2015,control|license,0,0
2016,control|line,0,0
2017,control|lists,0,0
2018,control|message,0,0
2019,control|mkdocs,0,0
2020,control|noise,0,0
2021,control|of,0,0
2022,control|on,0,0
2023,control|permissions,0,0
2024,control|portability,0,0
2025,control|prevents,0,0
2026,control|project,0,0
2027,control|proposes,0,0
2028,control|protects,0,0
2029,control|provides,0,0
2030,control|pull,0,0
2031,control|purpose,0,0
2032,control|pyproject,0,0
2033,control|quality,0,0
2034,control|readme,0,0
2035,control|records,0,0
2036,control|reduces,0,0
2037,control|refactoring,0,0
2038,control|reliability,0,0
2039,control|repository,0,0
2040,control|reproducibility,0,0
2041,control|request,0,0
2042,control|reuse,0,0
2043,control|review,0,0
2044,control|risk,0,0
2045,control|runs,0,0
2046,control|secrets,0,0
2047,control|separates,0,0
2048,control|snapshot,0,0
2049,control|source,0,0
2050,control|src,0,0
2051,control|standards,0,0
2052,control|states,0,0
2053,control|structure,0,0
2054,control|supports,0,0
2055,control|system,-0.1060,-0.1060
2056,control|tasks,0,0
2057,control|terms,0,0
2058,control|test,0,0
2059,control|tests,0,0
2060,control|toml,0,0
2061,control|tools,0,0
2062,control|tracked,0,0
2063,control|tracks,0,0
2064,control|usability,0,0
2065,control|verifies,0,0
2066,control|version,0,0
2067,control|virtual,0,0
2068,control|with,0,0
2069,control|work,0,0
2070,control|workflow,0,0
2071,controls|a,0,0
2072,controls|and,0,0
2073,controls|authors,0,0
2074,controls|automates,0,0
2075,controls|behavior,0,0
2076,controls|branch,0,0
2077,controls|changes,0,0
2078,controls|checks,0,0
2079,controls|code,0,0
2080,controls|collaboration,0,0
2081,controls|collection,0,0
2082,controls|commit,0,0
2083,controls|committing,0,0
2084,controls|configures,0,0
2085,controls|conflicts,0,0
2086,controls|consistency,0,0
2087,controls|contains,0,0
2088,controls|continuous,0,0
2089,controls|control,0,0
2090,controls|controls,0,0
2091,controls|data,0,0
2092,controls|defines,0,0
2093,controls|dependencies,0,0
2094,controls|describes,0,0
2095,controls|detects,0,0
2096,controls|docs,0,0
2097,controls|documentation,0,0
2098,controls|documents,0,0
2099,controls|enables,0,0
2100,controls|endings,0,0
2101,controls|enforces,0,0
2102,controls|ensures,0,0
2103,controls|environment,0,0
2104,controls|errors,0,0
2105,controls|events,0,0
2106,controls|experimentation,0,0
2107,controls|explains,0,0
2108,controls|file,0,0
2109,controls|files,0,0
2110,controls|folder,0,0
2111,controls|from,0,0
2112,controls|git,0,0
2113,controls|gitattributes,0,0
2114,controls|gitignore,0,0
2115,controls|history,0,0
2116,controls|ignored,0,0
2117,controls|improves,0,0
2118,controls|includes,0,0
2119,controls|instructions,0,0
2120,controls|integration,0,0
2121,controls|intent,0,0
2122,controls|is,0,0
2123,controls|isolates,0,0
2124,controls|license,0,0
2125,controls|line,-0.0400,-0.0400
2126,controls|lists,0,0
2127,controls|message,0,0
2128,controls|mkdocs,0,0
2129,controls|noise,0,0
2130,controls|of,0,0
2131,controls|on,0,0
2132,controls|permissions,0,0
2133,controls|portability,0,0
2134,controls|prevents,0,0
2135,controls|project,0,0
2136,controls|proposes,0,0
2137,controls|protects,0,0
2138,controls|provides,0,0
2139,controls|pull,0,0
2140,controls|purpose,0,0
2141,controls|pyproject,0,0
2142,controls|quality,0,0
2143,controls|readme,0,0
2144,controls|records,0,0
2145,controls|reduces,0,0
2146,controls|refactoring,0,0
2147,controls|reliability,0,0
2148,controls|repository,0,0
2149,controls|reproducibility,0,0
2150,controls|request,0,0
2151,controls|reuse,0,0
2152,controls|review,0,0
2153,controls|risk,0,0
2154,controls|runs,0,0
2155,controls|secrets,0,0
2156,controls|separates,0,0
2157,controls|snapshot,0,0
2158,controls|source,0,0
2159,controls|src,0,0
2160,controls|standards,0,0
2161,controls|states,0,0
2162,controls|structure,0,0
2163,controls|supports,0,0
2164,controls|system,0,0
2165,controls|tasks,0,0
2166,controls|terms,0,0
2167,controls|test,0,0
2168,controls|tests,0,0
2169,controls|toml,0,0
2170,controls|tools,0,0
2171,controls|tracked,0,0
2172,controls|tracks,0,0
2173,controls|usability,0,0
2174,controls|verifies,0,0
2175,controls|version,0,0
2176,controls|virtual,0,0
2177,controls|with,0,0
2178,controls|work,0,0
2179,controls|workflow,0,0
2180,data|a,-0.0400,-0.0400
2181,data|and,0,0
2182,data|authors,0,0
2183,data|automates,0,0
2184,data|behavior,0,0
2185,data|branch,0,0
2186,data|changes,0,0
2187,data|checks,0,0
2188,data|code,0,0
2189,data|collaboration,0,0
2190,data|collection,0,0
2191,data|commit,0,0
2192,data|committing,0,0
2193,data|configures,0,0
2194,data|conflicts,0,0
2195,data|consistency,0,0
2196,data|contains,0,0
2197,data|continuous,0,0
2198,data|control,0,0
2199,data|controls,0,0
2200,data|data,0,0
2201,data|defines,0,0
2202,data|dependencies,0,0
2203,data|describes,0,0
2204,data|detects,0,0
2205,data|docs,0,0
2206,data|documentation,0,0
2207,data|documents,0,0
2208,data|enables,0,0
2209,data|endings,0,0
2210,data|enforces,0,0
2211,data|ensures,0,0
2212,data|environment,0,0
2213,data|errors,0,0
2214,data|events,0,0
2215,data|experimentation,0,0
2216,data|explains,0,0
2217,data|file,0,0
2218,data|files,0,0
2219,data|folder,0,0
2220,data|from,0,0
2221,data|git,0,0
2222,data|gitattributes,0,0
2223,data|gitignore,0,0
2224,data|history,0,0
2225,data|ignored,0,0
2226,data|improves,0,0
2227,data|includes,0,0
2228,data|instructions,0,0
2229,data|integration,0,0
2230,data|intent,0,0
2231,data|is,0,0
2232,data|isolates,0,0
2233,data|license,0,0
2234,data|line,0,0
2235,data|lists,0,0
2236,data|message,0,0
2237,data|mkdocs,0,0
2238,data|noise,0,0
2239,data|of,0,0
2240,data|on,0,0
2241,data|permissions,0,0
2242,data|portability,0,0
2243,data|prevents,0,0
2244,data|project,0,0
2245,data|proposes,0,0
2246,data|protects,0,0
2247,data|provides,0,0
2248,data|pull,0,0
2249,data|purpose,0,0
2250,data|pyproject,0,0
2251,data|quality,0,0
2252,data|readme,0,0
2253,data|records,0,0
2254,data|reduces,0,0
2255,data|refactoring,0,0
2256,data|reliability,0,0
2257,data|repository,0,0
2258,data|reproducibility,0,0
2259,data|request,0,0
2260,data|reuse,0,0
2261,data|review,0,0
2262,data|risk,0,0
2263,data|runs,0,0
2264,data|secrets,0,0
2265,data|separates,0,0
2266,data|snapshot,0,0
2267,data|source,0,0
2268,data|src,0,0
2269,data|standards,0,0
2270,data|states,0,0
2271,data|structure,0,0
2272,data|supports,0,0
2273,data|system,0,0
2274,data|tasks,0,0
2275,data|terms,0,0
2276,data|test,0,0
2277,data|tests,0,0
2278,data|toml,0,0
2279,data|tools,0,0
2280,data|tracked,0,0
2281,data|tracks,0,0
2282,data|usability,0,0
2283,data|verifies,0,0
2284,data|version,0,0
2285,data|virtual,0,0
2286,data|with,0,0
2287,data|work,0,0
2288,data|workflow,0,0
2289,defines|a,0,0
2290,defines|and,0,0
2291,defines|authors,0,0
2292,defines|automates,0,0
2293,defines|behavior,0,0
2294,defines|branch,0,0
2295,defines|changes,0,0
2296,defines|checks,0,0
2297,defines|code,0,0
2298,defines|collaboration,0,0
2299,defines|collection,0,0
2300,defines|commit,0,0
2301,defines|committing,0,0
2302,defines|configures,0,0
2303,defines|conflicts,0,0
2304,defines|consistency,0,0
2305,defines|contains,0,0
2306,defines|continuous,0,0
2307,defines|control,0,0
2308,defines|controls,0,0
2309,defines|data,0,0
2310,defines|defines,0,0
2311,defines|dependencies,4.3188,-0.0400
2312,defines|describes,0,0
2313,defines|detects,0,0
2314,defines|docs,0,0
2315,defines|documentation,0,0
2316,defines|documents,0,0
2317,defines|enables,0,0
2318,defines|endings,0,0
2319,defines|enforces,0,0
2320,defines|ensures,0,0
2321,defines|environment,0,0
2322,defines|errors,0,0
2323,defines|events,0,0
2324,defines|experimentation,0,0
2325,defines|explains,0,0
2326,defines|file,0,0
2327,defines|files,0,0
2328,defines|folder,0,0
2329,defines|from,0,0
2330,defines|git,0,0
2331,defines|gitattributes,0,0
2332,defines|gitignore,0,0
2333,defines|history,0,0
2334,defines|ignored,0,0
2335,defines|improves,0,0
2336,defines|includes,0,0
2337,defines|instructions,0,0
2338,defines|integration,0,0
2339,defines|intent,0,0
2340,defines|is,0,0
2341,defines|isolates,0,0
2342,defines|license,0,0
2343,defines|line,0,0
2344,defines|lists,0,0
2345,defines|message,0,0
2346,defines|mkdocs,0,0
2347,defines|noise,0,0
2348,defines|of,0,0
2349,defines|on,0,0
2350,defines|permissions,0,0
2351,defines|portability,0,0
2352,defines|prevents,0,0
2353,defines|project,0,0
2354,defines|proposes,0,0
2355,defines|protects,0,0
2356,defines|provides,0,0
2357,defines|pull,0,0
2358,defines|purpose,0,0
2359,defines|pyproject,0,0
2360,defines|quality,0,0
2361,defines|readme,0,0
2362,defines|records,0,0
2363,defines|reduces,0,0
2364,defines|refactoring,0,0
2365,defines|reliability,0,0
2366,defines|repository,0,0
2367,defines|reproducibility,0,0
2368,defines|request,0,0
2369,defines|reuse,-0.0400,-0.0400
2370,defines|review,0,0
2371,defines|risk,0,0
2372,defines|runs,0,0
2373,defines|secrets,0,0
2374,defines|separates,0,0
2375,defines|snapshot,0,0
2376,defines|source,0,0
2377,defines|src,0,0
2378,defines|standards,0,0
2379,defines|states,0,0
2380,defines|structure,0,0
2381,defines|supports,0,0
2382,defines|system,0,0
2383,defines|tasks,0,0
2384,defines|terms,0,0
2385,defines|test,0,0
2386,defines|tests,0,0
2387,defines|toml,0,0
2388,defines|tools,4.3188,-0.0400
2389,defines|tracked,0,0
2390,defines|tracks,0,0
2391,defines|usability,0,0
2392,defines|verifies,0,0
2393,defines|version,0,0
2394,defines|virtual,0,0
2395,defines|with,0,0
2396,defines|work,0,0
2397,defines|workflow,0,0
2398,dependencies|a,-0.0744,-0.0744
2399,dependencies|and,0,0
2400,dependencies|authors,0,0
2401,dependencies|automates,0,0
2402,dependencies|behavior,0,0
2403,dependencies|branch,0,0
2404,dependencies|changes,0,0
2405,dependencies|checks,0,0
2406,dependencies|code,0,0
2407,dependencies|collaboration,0,0
2408,dependencies|collection,0,0
2409,dependencies|commit,0,0
2410,dependencies|committing,0,0
2411,dependencies|configures,0,0
2412,dependencies|conflicts,0,0
2413,dependencies|consistency,0,0
2414,dependencies|contains,0,0
2415,dependencies|continuous,0,0
2416,dependencies|control,0,0
2417,dependencies|controls,0,0
2418,dependencies|data,0,0
2419,dependencies|defines,0,0
2420,dependencies|dependencies,0,0
2421,dependencies|describes,0,0
2422,dependencies|detects,0,0
2423,dependencies|docs,0,0
2424,dependencies|documentation,0,0
2425,dependencies|documents,0,0
2426,dependencies|enables,0,0
2427,dependencies|endings,0,0
2428,dependencies|enforces,0,0
2429,dependencies|ensures,0,0
2430,dependencies|environment,0,0
2431,dependencies|errors,0,0
2432,dependencies|events,0,0
2433,dependencies|experimentation,0,0
2434,dependencies|explains,0,0
2435,dependencies|file,0,0
2436,dependencies|files,0,0
2437,dependencies|folder,0,0
2438,dependencies|from,0,0
2439,dependencies|git,0,0
2440,dependencies|gitattributes,0,0
2441,dependencies|gitignore,0,0
2442,dependencies|history,0,0
2443,dependencies|ignored,0,0
2444,dependencies|improves,0,0
2445,dependencies|includes,0,0
2446,dependencies|instructions,0,0
2447,dependencies|integration,0,0
2448,dependencies|intent,0,0
2449,dependencies|is,0,0
2450,dependencies|isolates,0,0
2451,dependencies|license,0,0
2452,dependencies|line,0,0
2453,dependencies|lists,0,0
2454,dependencies|message,0,0
2455,dependencies|mkdocs,0,0
2456,dependencies|noise,0,0
2457,dependencies|of,0,0
2458,dependencies|on,0,0
2459,dependencies|permissions,0,0
2460,dependencies|portability,0,0
2461,dependencies|prevents,0,0
2462,dependencies|project,0,0
2463,dependencies|proposes,0,0
2464,dependencies|protects,0,0
2465,dependencies|provides,0,0
2466,dependencies|pull,0,0
2467,dependencies|purpose,0,0
2468,dependencies|pyproject,0,0
2469,dependencies|quality,0,0
2470,dependencies|readme,0,0
2471,dependencies|records,0,0
2472,dependencies|reduces,0,0
2473,dependencies|refactoring,0,0
2474,dependencies|reliability,0,0
2475,dependencies|repository,0,0
2476,dependencies|reproducibility,0,0
2477,dependencies|request,0,0
2478,dependencies|reuse,0,0
2479,dependencies|review,0,0
2480,dependencies|risk,0,0
2481,dependencies|runs,0,0
2482,dependencies|secrets,0,0
2483,dependencies|separates,0,0
2484,dependencies|snapshot,0,0
2485,dependencies|source,0,0
2486,dependencies|src,0,0
2487,dependencies|standards,0,0
2488,dependencies|states,0,0
2489,dependencies|structure,0,0
2490,dependencies|supports,0,0
2491,dependencies|system,0,0
2492,dependencies|tasks,0,0
2493,dependencies|terms,0,0
2494,dependencies|test,0,0
2495,dependencies|tests,0,0
2496,dependencies|toml,0,0
2497,dependencies|tools,0,0
2498,dependencies|tracked,0,0
2499,dependencies|tracks,0,0
2500,dependencies|usability,0,0
2501,dependencies|verifies,0,0
2502,dependencies|version,0,0
2503,dependencies|virtual,0,0
2504,dependencies|with,0,0
2505,dependencies|work,0,0
2506,dependencies|workflow,0,0
2507,describes|a,0,0
2508,describes|and,0,0
2509,describes|authors,0,0
2510,describes|automates,0,0
2511,describes|behavior,0,0
2512,describes|branch,0,0
2513,describes|changes,0,0
2514,describes|checks,0,0
2515,describes|code,0,0
2516,describes|collaboration,0,0
2517,describes|collection,0,0
2518,describes|commit,0,0
2519,describes|committing,0,0
2520,describes|configures,0,0
2521,describes|conflicts,0,0
2522,describes|consistency,0,0
2523,describes|contains,0,0
2524,describes|continuous,0,0
2525,describes|control,0,0
2526,describes|controls,0,0
2527,describes|data,0,0
2528,describes|defines,0,0
2529,describes|dependencies,0,0
2530,describes|describes,0,0
2531,describes|detects,0,0
2532,describes|docs,0,0
2533,describes|documentation,0,0
2534,describes|documents,0,0
2535,describes|enables,0,0
2536,describes|endings,0,0
2537,describes|enforces,0,0
2538,describes|ensures,0,0
2539,describes|environment,0,0
2540,describes|errors,0,0
2541,describes|events,0,0
2542,describes|experimentation,0,0
2543,describes|explains,0,0
2544,describes|file,0,0
2545,describes|files,0,0
2546,describes|folder,0,0
2547,describes|from,0,0
2548,describes|git,0,0
2549,describes|gitattributes,0,0
2550,describes|gitignore,0,0
2551,describes|history,0,0
2552,describes|ignored,0,0
2553,describes|improves,0,0
2554,describes|includes,0,0
2555,describes|instructions,0,0
2556,describes|integration,0,0
2557,describes|intent,0,0
2558,describes|is,0,0
2559,describes|isolates,0,0
2560,describes|license,0,0
2561,describes|line,0,0
2562,describes|lists,0,0
2563,describes|message,0,0
2564,describes|mkdocs,0,0
2565,describes|noise,0,0
2566,describes|of,0,0
2567,describes|on,0,0
2568,describes|permissions,0,0
2569,describes|portability,0,0
2570,describes|prevents,0,0
2571,describes|project,0,0
2572,describes|proposes,0,0
2573,describes|protects,0,0
2574,describes|provides,0,0
2575,describes|pull,0,0
2576,describes|purpose,4.3188,-0.0400
2577,describes|pyproject,0,0
2578,describes|quality,0,0
2579,describes|readme,0,0
2580,describes|records,0,0
2581,describes|reduces,0,0
2582,describes|refactoring,0,0
2583,describes|reliability,0,0
2584,describes|repository,0,0
2585,describes|reproducibility,0,0
2586,describes|request,0,0
2587,describes|reuse,0,0
2588,describes|review,0,0
2589,describes|risk,0,0
2590,describes|runs,0,0
2591,describes|secrets,0,0
2592,describes|separates,0,0
2593,describes|snapshot,0,0
2594,describes|source,0,0
2595,describes|src,0,0
2596,describes|standards,0,0
2597,describes|states,0,0
2598,describes|structure,0,0
2599,describes|supports,0,0
2600,describes|system,0,0
2601,describes|tasks,0,0
2602,describes|terms,0,0
2603,describes|test,0,0
2604,describes|tests,0,0
2605,describes|toml,0,0
2606,describes|tools,0,0
2607,describes|tracked,0,0
2608,describes|tracks,0,0
2609,describes|usability,0,0
2610,describes|verifies,0,0
2611,describes|version,0,0
2612,describes|virtual,0,0
2613,describes|with,0,0
2614,describes|work,0,0
2615,describes|workflow,0,0
2616,detects|a,0,0
2617,detects|and,0,0
2618,detects|authors,0,0
2619,detects|automates,0,0
2620,detects|behavior,0,0
2621,detects|branch,0,0
2622,detects|changes,0,0
2623,detects|checks,0,0
2624,detects|code,0,0
2625,detects|collaboration,0,0
2626,detects|collection,0,0
2627,detects|commit,0,0
2628,detects|committing,0,0
2629,detects|configures,0,0
2630,detects|conflicts,0,0
2631,detects|consistency,0,0
2632,detects|contains,0,0
2633,detects|continuous,0,0
2634,detects|control,0,0
2635,detects|controls,0,0
2636,detects|data,0,0
2637,detects|defines,0,0
2638,detects|dependencies,0,0
2639,detects|describes,0,0
2640,detects|detects,0,0
2641,detects|docs,0,0
2642,detects|documentation,0,0
2643,detects|documents,0,0
2644,detects|enables,0,0
2645,detects|endings,0,0
2646,detects|enforces,0,0
2647,detects|ensures,0,0
2648,detects|environment,0,0
2649,detects|errors,4.3188,-0.0400
2650,detects|events,0,0
2651,detects|experimentation,0,0
2652,detects|explains,0,0
2653,detects|file,0,0
2654,detects|files,0,0
2655,detects|folder,0,0
2656,detects|from,0,0
2657,detects|git,0,0
2658,detects|gitattributes,0,0
2659,detects|gitignore,0,0
2660,detects|history,0,0
2661,detects|ignored,0,0
2662,detects|improves,0,0
2663,detects|includes,0,0
2664,detects|instructions,0,0
2665,detects|integration,0,0
2666,detects|intent,0,0
2667,detects|is,0,0
2668,detects|isolates,0,0
2669,detects|license,0,0
2670,detects|line,0,0
2671,detects|lists,0,0
2672,detects|message,0,0
2673,detects|mkdocs,0,0
2674,detects|noise,0,0
2675,detects|of,0,0
2676,detects|on,0,0
2677,detects|permissions,0,0
2678,detects|portability,0,0
2679,detects|prevents,0,0
2680,detects|project,0,0
2681,detects|proposes,0,0
2682,detects|protects,0,0
2683,detects|provides,0,0
2684,detects|pull,0,0
2685,detects|purpose,0,0
2686,detects|pyproject,0,0
2687,detects|quality,0,0
2688,detects|readme,0,0
2689,detects|records,0,0
2690,detects|reduces,0,0
2691,detects|refactoring,0,0
2692,detects|reliability,0,0
2693,detects|repository,0,0
2694,detects|reproducibility,0,0
2695,detects|request,0,0
2696,detects|reuse,0,0
2697,detects|review,0,0
2698,detects|risk,0,0
2699,detects|runs,0,0
2700,detects|secrets,0,0
2701,detects|separates,0,0
2702,detects|snapshot,0,0
2703,detects|source,0,0
2704,detects|src,0,0
2705,detects|standards,0,0
2706,detects|states,0,0
2707,detects|structure,0,0
2708,detects|supports,0,0
2709,detects|system,0,0
2710,detects|tasks,0,0
2711,detects|terms,0,0
2712,detects|test,0,0
2713,detects|tests,0,0
2714,detects|toml,0,0
2715,detects|tools,0,0
2716,detects|tracked,0,0
2717,detects|tracks,0,0
2718,detects|usability,0,0
2719,detects|verifies,0,0
2720,detects|version,0,0
2721,detects|virtual,0,0
2722,detects|with,0,0
2723,detects|work,0,0
2724,detects|workflow,0,0
2725,docs|a,0,0
2726,docs|and,0,0
2727,docs|authors,0,0
2728,docs|automates,0,0
2729,docs|behavior,0,0
2730,docs|branch,0,0
2731,docs|changes,0,0
2732,docs|checks,0,0
2733,docs|code,0,0
2734,docs|collaboration,0,0
2735,docs|collection,0,0
2736,docs|commit,0,0
2737,docs|committing,0,0
2738,docs|configures,0,0
2739,docs|conflicts,0,0
2740,docs|consistency,0,0
2741,docs|contains,0,0
2742,docs|continuous,0,0
2743,docs|control,0,0
2744,docs|controls,0,0
2745,docs|data,0,0
2746,docs|defines,0,0
2747,docs|dependencies,0,0
2748,docs|describes,0,0
2749,docs|detects,0,0
2750,docs|docs,0,0
2751,docs|documentation,0,0
2752,docs|documents,0,0
2753,docs|enables,0,0
2754,docs|endings,0,0
2755,docs|enforces,0,0
2756,docs|ensures,0,0
2757,docs|environment,0,0
2758,docs|errors,0,0
2759,docs|events,0,0
2760,docs|experimentation,0,0
2761,docs|explains,0,0
2762,docs|file,0,0
2763,docs|files,0,0
2764,docs|folder,-0.1060,-0.1060
2765,docs|from,0,0
2766,docs|git,0,0
2767,docs|gitattributes,0,0
2768,docs|gitignore,0,0
2769,docs|history,0,0
2770,docs|ignored,0,0
2771,docs|improves,0,0
2772,docs|includes,0,0
2773,docs|instructions,0,0
2774,docs|integration,0,0
2775,docs|intent,0,0
2776,docs|is,0,0
2777,docs|isolates,0,0
2778,docs|license,0,0
2779,docs|line,0,0
2780,docs|lists,0,0
2781,docs|message,0,0
2782,docs|mkdocs,0,0
2783,docs|noise,0,0
2784,docs|of,0,0
2785,docs|on,0,0
2786,docs|permissions,0,0
2787,docs|portability,0,0
2788,docs|prevents,0,0
2789,docs|project,0,0
2790,docs|proposes,0,0
2791,docs|protects,0,0
2792,docs|provides,0,0
2793,docs|pull,0,0
2794,docs|purpose,0,0
2795,docs|pyproject,0,0
2796,docs|quality,0,0
2797,docs|readme,0,0
2798,docs|records,0,0
2799,docs|reduces,0,0
2800,docs|refactoring,0,0
2801,docs|reliability,0,0
2802,docs|repository,0,0
2803,docs|reproducibility,0,0
2804,docs|request,0,0
2805,docs|reuse,0,0
2806,docs|review,0,0
2807,docs|risk,0,0
2808,docs|runs,0,0
2809,docs|secrets,0,0
2810,docs|separates,0,0
2811,docs|snapshot,0,0
2812,docs|source,0,0
2813,docs|src,0,0
2814,docs|standards,0,0
2815,docs|states,0,0
2816,docs|structure,0,0
2817,docs|supports,0,0
2818,docs|system,0,0
2819,docs|tasks,0,0
2820,docs|terms,0,0
2821,docs|test,0,0
2822,docs|tests,0,0
2823,docs|toml,0,0
2824,docs|tools,0,0
2825,docs|tracked,0,0
2826,docs|tracks,0,0
2827,docs|usability,0,0
2828,docs|verifies,0,0
2829,docs|version,0,0
2830,docs|virtual,0,0
2831,docs|with,0,0
2832,docs|work,0,0
2833,docs|workflow,0,0
2834,documentation|a,-0.0744,-0.0744
2835,documentation|and,0,0
2836,documentation|authors,0,0
2837,documentation|automates,0,0
2838,documentation|behavior,0,0
2839,documentation|branch,0,0
2840,documentation|changes,0,0
2841,documentation|checks,0,0
2842,documentation|code,0,0
2843,documentation|collaboration,0,0
2844,documentation|collection,0,0
2845,documentation|commit,0,0
2846,documentation|committing,0,0
2847,documentation|configures,0,0
2848,documentation|conflicts,0,0
2849,documentation|consistency,0,0
2850,documentation|contains,0,0
2851,documentation|continuous,0,0
2852,documentation|control,0,0
2853,documentation|controls,0,0
2854,documentation|data,0,0
2855,documentation|defines,0,0
2856,documentation|dependencies,0,0
2857,documentation|describes,0,0
2858,documentation|detects,0,0
2859,documentation|docs,0,0
2860,documentation|documentation,0,0
2861,documentation|documents,0,0
2862,documentation|enables,0,0
2863,documentation|endings,0,0
2864,documentation|enforces,0,0
2865,documentation|ensures,0,0
2866,documentation|environment,0,0
2867,documentation|errors,0,0
2868,documentation|events,0,0
2869,documentation|experimentation,0,0
2870,documentation|explains,0,0
2871,documentation|file,0,0
2872,documentation|files,0,0
2873,documentation|folder,0,0
2874,documentation|from,0,0
2875,documentation|git,0,0
2876,documentation|gitattributes,0,0
2877,documentation|gitignore,0,0
2878,documentation|history,0,0
2879,documentation|ignored,0,0
2880,documentation|improves,0,0
2881,documentation|includes,0,0
2882,documentation|instructions,0,0
2883,documentation|integration,0,0
2884,documentation|intent,0,0
2885,documentation|is,0,0
2886,documentation|isolates,0,0
2887,documentation|license,0,0
2888,documentation|line,0,0
2889,documentation|lists,0,0
2890,documentation|message,0,0
2891,documentation|mkdocs,0,0
2892,documentation|noise,0,0
2893,documentation|of,0,0
2894,documentation|on,0,0
2895,documentation|permissions,0,0
2896,documentation|portability,0,0
2897,documentation|prevents,0,0
2898,documentation|project,0,0
2899,documentation|proposes,0,0
2900,documentation|protects,0,0
2901,documentation|provides,0,0
2902,documentation|pull,0,0
2903,documentation|purpose,0,0
2904,documentation|pyproject,0,0
2905,documentation|quality,0,0
2906,documentation|readme,0,0
2907,documentation|records,0,0
2908,documentation|reduces,0,0
2909,documentation|refactoring,0,0
2910,documentation|reliability,0,0
2911,documentation|repository,0,0
2912,documentation|reproducibility,0,0
2913,documentation|request,0,0
2914,documentation|reuse,0,0
2915,documentation|review,0,0
2916,documentation|risk,0,0
2917,documentation|runs,0,0
2918,documentation|secrets,0,0
2919,documentation|separates,0,0
2920,documentation|snapshot,0,0
2921,documentation|source,0,0
2922,documentation|src,0,0
2923,documentation|standards,0,0
2924,documentation|states,0,0
2925,documentation|structure,0,0
2926,documentation|supports,0,0
2927,documentation|system,0,0
2928,documentation|tasks,0,0
2929,documentation|terms,0,0
2930,documentation|test,0,0
2931,documentation|tests,0,0
2932,documentation|toml,0,0
2933,documentation|tools,0,0
2934,documentation|tracked,0,0
2935,documentation|tracks,0,0
2936,documentation|usability,0,0
2937,documentation|verifies,0,0
2938,documentation|version,0,0
2939,documentation|virtual,0,0
2940,documentation|with,0,0
2941,documentation|work,0,0
2942,documentation|workflow,0,0
2943,documents|a,0,0
2944,documents|and,0,0
2945,documents|authors,0,0
2946,documents|automates,0,0
2947,documents|behavior,0,0
2948,documents|branch,0,0
2949,documents|changes,0,0
2950,documents|checks,0,0
2951,documents|code,0,0
2952,documents|collaboration,0,0
2953,documents|collection,0,0
2954,documents|commit,0,0
2955,documents|committing,0,0
2956,documents|configures,0,0
2957,documents|conflicts,0,0
2958,documents|consistency,0,0
2959,documents|contains,0,0
2960,documents|continuous,0,0
2961,documents|control,0,0
2962,documents|controls,0,0
2963,documents|data,0,0
2964,documents|defines,0,0
2965,documents|dependencies,0,0
2966,documents|describes,0,0
2967,documents|detects,0,0
2968,documents|docs,0,0
2969,documents|documentation,0,0
2970,documents|documents,0,0
2971,documents|enables,0,0
2972,documents|endings,0,0
2973,documents|enforces,0,0
2974,documents|ensures,0,0
2975,documents|environment,0,0
2976,documents|errors,0,0
2977,documents|events,0,0
2978,documents|experimentation,0,0
2979,documents|explains,0,0
2980,documents|file,0,0
2981,documents|files,0,0
2982,documents|folder,0,0
2983,documents|from,0,0
2984,documents|git,0,0
2985,documents|gitattributes,0,0
2986,documents|gitignore,0,0
2987,documents|history,0,0
2988,documents|ignored,0,0
2989,documents|improves,0,0
2990,documents|includes,0,0
2991,documents|instructions,0,0
2992,documents|integration,0,0
2993,documents|intent,4.3188,-0.0400
2994,documents|is,0,0
2995,documents|isolates,0,0
2996,documents|license,0,0
2997,documents|line,0,0
2998,documents|lists,0,0
2999,documents|message,0,0
3000,documents|mkdocs,0,0
3001,documents|noise,0,0
3002,documents|of,0,0
3003,documents|on,0,0
3004,documents|permissions,0,0
3005,documents|portability,0,0
3006,documents|prevents,0,0
3007,documents|project,0,0
3008,documents|proposes,0,0
3009,documents|protects,0,0
3010,documents|provides,0,0
3011,documents|pull,0,0
3012,documents|purpose,0,0
3013,documents|pyproject,0,0
3014,documents|quality,0,0
3015,documents|readme,0,0
3016,documents|records,0,0
3017,documents|reduces,0,0
3018,documents|refactoring,0,0
3019,documents|reliability,0,0
3020,documents|repository,0,0
3021,documents|reproducibility,0,0
3022,documents|request,0,0
3023,documents|reuse,0,0
3024,documents|review,0,0
3025,documents|risk,0,0
3026,documents|runs,0,0
3027,documents|secrets,0,0
3028,documents|separates,0,0
3029,documents|snapshot,0,0
3030,documents|source,0,0
3031,documents|src,0,0
3032,documents|standards,0,0
3033,documents|states,0,0
3034,documents|structure,0,0
3035,documents|supports,0,0
3036,documents|system,0,0
3037,documents|tasks,0,0
3038,documents|terms,0,0
3039,documents|test,0,0
3040,documents|tests,0,0
3041,documents|toml,0,0
3042,documents|tools,0,0
3043,documents|tracked,0,0
3044,documents|tracks,0,0
3045,documents|usability,0,0
3046,documents|verifies,0,0
3047,documents|version,0,0
3048,documents|virtual,0,0
3049,documents|with,0,0
3050,documents|work,0,0
3051,documents|workflow,0,0
3052,enables|a,0,0
3053,enables|and,0,0
3054,enables|authors,0,0
3055,enables|automates,0,0
3056,enables|behavior,0,0
3057,enables|branch,0,0
3058,enables|changes,0,0
3059,enables|checks,0,0
3060,enables|code,0,0
3061,enables|collaboration,0,0
3062,enables|collection,0,0
3063,enables|commit,0,0
3064,enables|committing,0,0
3065,enables|configures,0,0
3066,enables|conflicts,0,0
3067,enables|consistency,0,0
3068,enables|contains,0,0
3069,enables|continuous,0,0
3070,enables|control,0,0
3071,enables|controls,0,0
3072,enables|data,0,0
3073,enables|defines,0,0
3074,enables|dependencies,0,0
3075,enables|describes,0,0
3076,enables|detects,0,0
3077,enables|docs,0,0
3078,enables|documentation,0,0
3079,enables|documents,0,0
3080,enables|enables,0,0
3081,enables|endings,0,0
3082,enables|enforces,0,0
3083,enables|ensures,0,0
3084,enables|environment,0,0
3085,enables|errors,0,0
3086,enables|events,0,0
3087,enables|experimentation,0,0
3088,enables|explains,0,0
3089,enables|file,0,0
3090,enables|files,0,0
3091,enables|folder,0,0
3092,enables|from,0,0
3093,enables|git,0,0
3094,enables|gitattributes,0,0
3095,enables|gitignore,0,0
3096,enables|history,0,0
3097,enables|ignored,0,0
3098,enables|improves,0,0
3099,enables|includes,0,0
3100,enables|instructions,0,0
3101,enables|integration,0,0
3102,enables|intent,0,0
3103,enables|is,0,0
3104,enables|isolates,0,0
3105,enables|license,0,0
3106,enables|line,0,0
3107,enables|lists,0,0
3108,enables|message,0,0
3109,enables|mkdocs,0,0
3110,enables|noise,0,0
3111,enables|of,0,0
3112,enables|on,0,0
3113,enables|permissions,0,0
3114,enables|portability,0,0
3115,enables|prevents,0,0
3116,enables|project,0,0
3117,enables|proposes,0,0
3118,enables|protects,0,0
3119,enables|provides,0,0
3120,enables|pull,0,0
3121,enables|purpose,0,0
3122,enables|pyproject,0,0
3123,enables|quality,0,0
3124,enables|readme,0,0
3125,enables|records,0,0
3126,enables|reduces,0,0
3127,enables|refactoring,0,0
3128,enables|reliability,0,0
3129,enables|repository,0,0
3130,enables|reproducibility,0,0
3131,enables|request,0,0
3132,enables|reuse,0,0
3133,enables|review,4.3188,-0.0400
3134,enables|risk,0,0
3135,enables|runs,0,0
3136,enables|secrets,0,0
3137,enables|separates,0,0
3138,enables|snapshot,0,0
3139,enables|source,0,0
3140,enables|src,0,0
3141,enables|standards,0,0
3142,enables|states,0,0
3143,enables|structure,0,0
3144,enables|supports,0,0
3145,enables|system,0,0
3146,enables|tasks,0,0
3147,enables|terms,0,0
3148,enables|test,0,0
3149,enables|tests,0,0
3150,enables|toml,0,0
3151,enables|tools,0,0
3152,enables|tracked,0,0
3153,enables|tracks,0,0
3154,enables|usability,0,0
3155,enables|verifies,0,0
3156,enables|version,0,0
3157,enables|virtual,0,0
3158,enables|with,0,0
3159,enables|work,0,0
3160,enables|workflow,0,0
3161,endings|a,-0.0400,-0.0400
3162,endings|and,0,0
3163,endings|authors,0,0
3164,endings|automates,0,0
3165,endings|behavior,0,0
3166,endings|branch,0,0
3167,endings|changes,0,0
3168,endings|checks,0,0
3169,endings|code,0,0
3170,endings|collaboration,0,0
3171,endings|collection,0,0
3172,endings|commit,0,0
3173,endings|committing,0,0
3174,endings|configures,0,0
3175,endings|conflicts,0,0
3176,endings|consistency,0,0
3177,endings|contains,0,0
3178,endings|continuous,0,0
3179,endings|control,0,0
3180,endings|controls,0,0
3181,endings|data,0,0
3182,endings|defines,0,0
3183,endings|dependencies,0,0
3184,endings|describes,0,0
3185,endings|detects,0,0
3186,endings|docs,0,0
3187,endings|documentation,0,0
3188,endings|documents,0,0
3189,endings|enables,0,0
3190,endings|endings,0,0
3191,endings|enforces,0,0
3192,endings|ensures,0,0
3193,endings|environment,0,0
3194,endings|errors,0,0
3195,endings|events,0,0
3196,endings|experimentation,0,0
3197,endings|explains,0,0
3198,endings|file,0,0
3199,endings|files,0,0
3200,endings|folder,0,0
3201,endings|from,0,0
3202,endings|git,0,0
3203,endings|gitattributes,0,0
3204,endings|gitignore,0,0
3205,endings|history,0,0
3206,endings|ignored,0,0
3207,endings|improves,0,0
3208,endings|includes,0,0
3209,endings|instructions,0,0
3210,endings|integration,0,0
3211,endings|intent,0,0
3212,endings|is,0,0
3213,endings|isolates,0,0
3214,endings|license,0,0
3215,endings|line,0,0
3216,endings|lists,0,0
3217,endings|message,0,0
3218,endings|mkdocs,0,0
3219,endings|noise,0,0
3220,endings|of,0,0
3221,endings|on,0,0
3222,endings|permissions,0,0
3223,endings|portability,0,0
3224,endings|prevents,0,0
3225,endings|project,0,0
3226,endings|proposes,0,0
3227,endings|protects,0,0
3228,endings|provides,0,0
3229,endings|pull,0,0
3230,endings|purpose,0,0
3231,endings|pyproject,0,0
3232,endings|quality,0,0
3233,endings|readme,0,0
3234,endings|records,0,0
3235,endings|reduces,0,0
3236,endings|refactoring,0,0
3237,endings|reliability,0,0
3238,endings|repository,0,0
3239,endings|reproducibility,0,0
3240,endings|request,0,0
3241,endings|reuse,0,0
3242,endings|review,0,0
3243,endings|risk,0,0
3244,endings|runs,0,0
3245,endings|secrets,0,0
3246,endings|separates,0,0
3247,endings|snapshot,0,0
3248,endings|source,0,0
3249,endings|src,0,0
3250,endings|standards,0,0
3251,endings|states,0,0
3252,endings|structure,0,0
3253,endings|supports,0,0
3254,endings|system,0,0
3255,endings|tasks,0,0
3256,endings|terms,0,0
3257,endings|test,0,0
3258,endings|tests,0,0
3259,endings|toml,0,0
3260,endings|tools,0,0
3261,endings|tracked,0,0
3262,endings|tracks,0,0
3263,endings|usability,0,0
3264,endings|verifies,0,0
3265,endings|version,0,0
3266,endings|virtual,0,0
3267,endings|with,0,0
3268,endings|work,0,0
3269,endings|workflow,0,0
3270,enforces|a,0,0
3271,enforces|and,0,0
3272,enforces|authors,0,0
3273,enforces|automates,0,0
3274,enforces|behavior,0,0
3275,enforces|branch,0,0
3276,enforces|changes,0,0
3277,enforces|checks,0,0
3278,enforces|code,0,0
3279,enforces|collaboration,0,0
3280,enforces|collection,0,0
3281,enforces|commit,0,0
3282,enforces|committing,0,0
3283,enforces|configures,0,0
3284,enforces|conflicts,0,0
3285,enforces|consistency,0,0
3286,enforces|contains,0,0
3287,enforces|continuous,0,0
3288,enforces|control,0,0
3289,enforces|controls,0,0
3290,enforces|data,0,0
3291,enforces|defines,0,0
3292,enforces|dependencies,0,0
3293,enforces|describes,0,0
3294,enforces|detects,0,0
3295,enforces|docs,0,0
3296,enforces|documentation,0,0
3297,enforces|documents,0,0
3298,enforces|enables,0,0
3299,enforces|endings,0,0
3300,enforces|enforces,0,0
3301,enforces|ensures,0,0
3302,enforces|environment,0,0
3303,enforces|errors,0,0
3304,enforces|events,0,0
3305,enforces|experimentation,0,0
3306,enforces|explains,0,0
3307,enforces|file,0,0
3308,enforces|files,0,0
3309,enforces|folder,0,0
3310,enforces|from,0,0
3311,enforces|git,0,0
3312,enforces|gitattributes,0,0
3313,enforces|gitignore,0,0
3314,enforces|history,0,0
3315,enforces|ignored,0,0
3316,enforces|improves,0,0
3317,enforces|includes,0,0
3318,enforces|instructions,0,0
3319,enforces|integration,0,0
3320,enforces|intent,0,0
3321,enforces|is,0,0
3322,enforces|isolates,0,0
3323,enforces|license,0,0
3324,enforces|line,0,0
3325,enforces|lists,0,0
3326,enforces|message,0,0
3327,enforces|mkdocs,0,0
3328,enforces|noise,0,0
3329,enforces|of,0,0
3330,enforces|on,0,0
3331,enforces|permissions,0,0
3332,enforces|portability,0,0
3333,enforces|prevents,0,0
3334,enforces|project,0,0
3335,enforces|proposes,0,0
3336,enforces|protects,0,0
3337,enforces|provides,0,0
3338,enforces|pull,0,0
3339,enforces|purpose,0,0
3340,enforces|pyproject,0,0
3341,enforces|quality,0,0
3342,enforces|readme,0,0
3343,enforces|records,0,0
3344,enforces|reduces,0,0
3345,enforces|refactoring,0,0
3346,enforces|reliability,0,0
3347,enforces|repository,0,0
3348,enforces|reproducibility,0,0
3349,enforces|request,0,0
3350,enforces|reuse,0,0
3351,enforces|review,0,0
3352,enforces|risk,0,0
3353,enforces|runs,0,0
3354,enforces|secrets,0,0
3355,enforces|separates,0,0
3356,enforces|snapshot,0,0
3357,enforces|source,0,0
3358,enforces|src,0,0
3359,enforces|standards,-0.0400,-0.0400
3360,enforces|states,0,0
3361,enforces|structure,0,0
3362,enforces|supports,0,0
3363,enforces|system,0,0
3364,enforces|tasks,0,0
3365,enforces|terms,0,0
3366,enforces|test,0,0
3367,enforces|tests,0,0
3368,enforces|toml,0,0
3369,enforces|tools,0,0
3370,enforces|tracked,0,0
3371,enforces|tracks,0,0
3372,enforces|usability,0,0
3373,enforces|verifies,0,0
3374,enforces|version,0,0
3375,enforces|virtual,0,0
3376,enforces|with,0,0
3377,enforces|work,0,0
3378,enforces|workflow,0,0
3379,ensures|a,0,0
3380,ensures|and,0,0
3381,ensures|authors,0,0
3382,ensures|automates,0,0
3383,ensures|behavior,0,0
3384,ensures|branch,0,0
3385,ensures|changes,0,0
3386,ensures|checks,0,0
3387,ensures|code,0,0
3388,ensures|collaboration,0,0
3389,ensures|collection,0,0
3390,ensures|commit,0,0
3391,ensures|committing,0,0
3392,ensures|configures,0,0
3393,ensures|conflicts,0,0
3394,ensures|consistency,4.3188,-0.0400
3395,ensures|contains,0,0
3396,ensures|continuous,0,0
3397,ensures|control,0,0
3398,ensures|controls,0,0
3399,ensures|data,0,0
3400,ensures|defines,0,0
3401,ensures|dependencies,0,0
3402,ensures|describes,0,0
3403,ensures|detects,0,0
3404,ensures|docs,0,0
3405,ensures|documentation,0,0
3406,ensures|documents,0,0
3407,ensures|enables,0,0
3408,ensures|endings,0,0
3409,ensures|enforces,0,0
3410,ensures|ensures,0,0
3411,ensures|environment,0,0
3412,ensures|errors,0,0
3413,ensures|events,0,0
3414,ensures|experimentation,0,0
3415,ensures|explains,0,0
3416,ensures|file,0,0
3417,ensures|files,0,0
3418,ensures|folder,0,0
3419,ensures|from,0,0
3420,ensures|git,0,0
3421,ensures|gitattributes,0,0
3422,ensures|gitignore,0,0
3423,ensures|history,0,0
3424,ensures|ignored,0,0
3425,ensures|improves,0,0
3426,ensures|includes,0,0
3427,ensures|instructions,0,0
3428,ensures|integration,0,0
3429,ensures|intent,0,0
3430,ensures|is,0,0
3431,ensures|isolates,0,0
3432,ensures|license,0,0
3433,ensures|line,0,0
3434,ensures|lists,0,0
3435,ensures|message,0,0
3436,ensures|mkdocs,0,0
3437,ensures|noise,0,0
3438,ensures|of,0,0
3439,ensures|on,0,0
3440,ensures|permissions,0,0
3441,ensures|portability,0,0
3442,ensures|prevents,0,0
3443,ensures|project,0,0
3444,ensures|proposes,0,0
3445,ensures|protects,0,0
3446,ensures|provides,0,0
3447,ensures|pull,0,0
3448,ensures|purpose,0,0
3449,ensures|pyproject,0,0
3450,ensures|quality,0,0
3451,ensures|readme,0,0
3452,ensures|records,0,0
3453,ensures|reduces,0,0
3454,ensures|refactoring,0,0
3455,ensures|reliability,0,0
3456,ensures|repository,0,0
3457,ensures|reproducibility,0,0
3458,ensures|request,0,0
3459,ensures|reuse,0,0
3460,ensures|review,0,0
3461,ensures|risk,0,0
3462,ensures|runs,0,0
3463,ensures|secrets,0,0
3464,ensures|separates,0,0
3465,ensures|snapshot,0,0
3466,ensures|source,0,0
3467,ensures|src,0,0
3468,ensures|standards,0,0
3469,ensures|states,0,0
3470,ensures|structure,0,0
3471,ensures|supports,0,0
3472,ensures|system,0,0
3473,ensures|tasks,0,0
3474,ensures|terms,0,0
3475,ensures|test,0,0
3476,ensures|tests,0,0
3477,ensures|toml,0,0
3478,ensures|tools,0,0
3479,ensures|tracked,0,0
3480,ensures|tracks,0,0
3481,ensures|usability,0,0
3482,ensures|verifies,0,0
3483,ensures|version,0,0
3484,ensures|virtual,0,0
3485,ensures|with,0,0
3486,ensures|work,0,0
3487,ensures|workflow,0,0
3488,environment|a,0,0
3489,environment|and,0,0
3490,environment|authors,0,0
3491,environment|automates,0,0
3492,environment|behavior,0,0
3493,environment|branch,0,0
3494,environment|changes,0,0
3495,environment|checks,0,0
3496,environment|code,0,0
3497,environment|collaboration,0,0
3498,environment|collection,0,0
3499,environment|commit,0,0
3500,environment|committing,0,0
3501,environment|configures,0,0
3502,environment|conflicts,0,0
3503,environment|consistency,0,0
3504,environment|contains,0,0
3505,environment|continuous,0,0
3506,environment|control,0,0
3507,environment|controls,0,0
3508,environment|data,0,0
3509,environment|defines,0,0
3510,environment|dependencies,0,0
3511,environment|describes,0,0
3512,environment|detects,0,0
3513,environment|docs,0,0
3514,environment|documentation,0,0
3515,environment|documents,0,0
3516,environment|enables,0,0
3517,environment|endings,0,0
3518,environment|enforces,0,0
3519,environment|ensures,0,0
3520,environment|environment,0,0
3521,environment|errors,0,0
3522,environment|events,0,0
3523,environment|experimentation,0,0
3524,environment|explains,0,0
3525,environment|file,0,0
3526,environment|files,0,0
3527,environment|folder,0,0
3528,environment|from,0,0
3529,environment|git,0,0
3530,environment|gitattributes,0,0
3531,environment|gitignore,0,0
3532,environment|history,0,0
3533,environment|ignored,0,0
3534,environment|improves,0,0
3535,environment|includes,0,0
3536,environment|instructions,0,0
3537,environment|integration,0,0
3538,environment|intent,0,0
3539,environment|is,0,0
3540,environment|isolates,-0.0400,-0.0400
3541,environment|license,0,0
3542,environment|line,0,0
3543,environment|lists,0,0
3544,environment|message,0,0
3545,environment|mkdocs,0,0
3546,environment|noise,0,0
3547,environment|of,0,0
3548,environment|on,0,0
3549,environment|permissions,0,0
3550,environment|portability,0,0
3551,environment|prevents,-0.0400,-0.0400
3552,environment|project,0,0
3553,environment|proposes,0,0
3554,environment|protects,0,0
3555,environment|provides,0,0
3556,environment|pull,0,0
3557,environment|purpose,0,0
3558,environment|pyproject,0,0
3559,environment|quality,0,0
3560,environment|readme,0,0
3561,environment|records,0,0
3562,environment|reduces,0,0
3563,environment|refactoring,0,0
3564,environment|reliability,0,0
3565,environment|repository,0,0
3566,environment|reproducibility,0,0
3567,environment|request,0,0
3568,environment|reuse,0,0
3569,environment|review,0,0
3570,environment|risk,0,0
3571,environment|runs,0,0
3572,environment|secrets,0,0
3573,environment|separates,0,0
3574,environment|snapshot,0,0
3575,environment|source,0,0
3576,environment|src,0,0
3577,environment|standards,0,0
3578,environment|states,0,0
3579,environment|structure,0,0
3580,environment|supports,-0.0400,-0.0400
3581,environment|system,0,0
3582,environment|tasks,0,0
3583,environment|terms,0,0
3584,environment|test,0,0
3585,environment|tests,0,0
3586,environment|toml,0,0
3587,environment|tools,0,0
3588,environment|tracked,0,0
3589,environment|tracks,0,0
3590,environment|usability,0,0
3591,environment|verifies,0,0
3592,environment|version,0,0
3593,environment|virtual,0,0
3594,environment|with,0,0
3595,environment|work,0,0
3596,environment|workflow,0,0
3597,errors|a,-0.0400,-0.0400
3598,errors|and,0,0
3599,errors|authors,0,0
3600,errors|automates,0,0
3601,errors|behavior,0,0
3602,errors|branch,0,0
3603,errors|changes,0,0
3604,errors|checks,0,0
3605,errors|code,0,0
3606,errors|collaboration,0,0
3607,errors|collection,0,0
3608,errors|commit,0,0
3609,errors|committing,0,0
3610,errors|configures,0,0
3611,errors|conflicts,0,0
3612,errors|consistency,0,0
3613,errors|contains,0,0
3614,errors|continuous,0,0
3615,errors|control,0,0
3616,errors|controls,0,0
3617,errors|data,0,0
3618,errors|defines,0,0
3619,errors|dependencies,0,0
3620,errors|describes,0,0
3621,errors|detects,0,0
3622,errors|docs,0,0
3623,errors|documentation,0,0
3624,errors|documents,0,0
3625,errors|enables,0,0
3626,errors|endings,0,0
3627,errors|enforces,0,0
3628,errors|ensures,0,0
3629,errors|environment,0,0
3630,errors|errors,0,0
3631,errors|events,0,0
3632,errors|experimentation,0,0
3633,errors|explains,0,0
3634,errors|file,0,0
3635,errors|files,0,0
3636,errors|folder,0,0
3637,errors|from,0,0
3638,errors|git,0,0
3639,errors|gitattributes,0,0
3640,errors|gitignore,0,0
3641,errors|history,0,0
3642,errors|ignored,0,0
3643,errors|improves,0,0
3644,errors|includes,0,0
3645,errors|instructions,0,0
3646,errors|integration,0,0
3647,errors|intent,0,0
3648,errors|is,0,0
3649,errors|isolates,0,0
3650,errors|license,0,0
3651,errors|line,0,0
3652,errors|lists,0,0
3653,errors|message,0,0
3654,errors|mkdocs,0,0
3655,errors|noise,0,0
3656,errors|of,0,0
3657,errors|on,0,0
3658,errors|permissions,0,0
3659,errors|portability,0,0
3660,errors|prevents,0,0
3661,errors|project,0,0
3662,errors|proposes,0,0
3663,errors|protects,0,0
3664,errors|provides,0,0
3665,errors|pull,0,0
3666,errors|purpose,0,0
3667,errors|pyproject,0,0
3668,errors|quality,0,0
3669,errors|readme,0,0
3670,errors|records,0,0
3671,errors|reduces,0,0
3672,errors|refactoring,0,0
3673,errors|reliability,0,0
3674,errors|repository,0,0
3675,errors|reproducibility,0,0
3676,errors|request,0,0
3677,errors|reuse,0,0
3678,errors|review,0,0
3679,errors|risk,0,0
3680,errors|runs,0,0
3681,errors|secrets,0,0
3682,errors|separates,0,0
3683,errors|snapshot,0,0
3684,errors|source,0,0
3685,errors|src,0,0
3686,errors|standards,0,0
3687,errors|states,0,0
3688,errors|structure,0,0
3689,errors|supports,0,0
3690,errors|system,0,0
3691,errors|tasks,0,0
3692,errors|terms,0,0
3693,errors|test,0,0
3694,errors|tests,0,0
3695,errors|toml,0,0
3696,errors|tools,0,0
3697,errors|tracked,0,0
3698,errors|tracks,0,0
3699,errors|usability,0,0
3700,errors|verifies,0,0
3701,errors|version,0,0
3702,errors|virtual,0,0
3703,errors|with,0,0
3704,errors|work,0,0
3705,errors|workflow,0,0
3706,events|a,-0.0400,-0.0400
3707,events|and,0,0
3708,events|authors,0,0
3709,events|automates,0,0
3710,events|behavior,0,0
3711,events|branch,0,0
3712,events|changes,0,0
3713,events|checks,0,0
3714,events|code,0,0
3715,events|collaboration,0,0
3716,events|collection,0,0
3717,events|commit,0,0
3718,events|committing,0,0
3719,events|configures,0,0
3720,events|conflicts,0,0
3721,events|consistency,0,0
3722,events|contains,0,0
3723,events|continuous,0,0
3724,events|control,0,0
3725,events|controls,0,0
3726,events|data,0,0
3727,events|defines,0,0
3728,events|dependencies,0,0
3729,events|describes,0,0
3730,events|detects,0,0
3731,events|docs,0,0
3732,events|documentation,0,0
3733,events|documents,0,0
3734,events|enables,0,0
3735,events|endings,0,0
3736,events|enforces,0,0
3737,events|ensures,0,0
3738,events|environment,0,0
3739,events|errors,0,0
3740,events|events,0,0
3741,events|experimentation,0,0
3742,events|explains,0,0
3743,events|file,0,0
3744,events|files,0,0
3745,events|folder,0,0
3746,events|from,0,0
3747,events|git,0,0
3748,events|gitattributes,0,0
3749,events|gitignore,0,0
3750,events|history,0,0
3751,events|ignored,0,0
3752,events|improves,0,0
3753,events|includes,0,0
3754,events|instructions,0,0
3755,events|integration,0,0
3756,events|intent,0,0
3757,events|is,0,0
3758,events|isolates,0,0
3759,events|license,0,0
3760,events|line,0,0
3761,events|lists,0,0
3762,events|message,0,0
3763,events|mkdocs,0,0
3764,events|noise,0,0
3765,events|of,0,0
3766,events|on,0,0
3767,events|permissions,0,0
3768,events|portability,0,0
3769,events|prevents,0,0
3770,events|project,0,0
3771,events|proposes,0,0
3772,events|protects,0,0
3773,events|provides,0,0
3774,events|pull,0,0
3775,events|purpose,0,0
3776,events|pyproject,0,0
3777,events|quality,0,0
3778,events|readme,0,0
3779,events|records,0,0
3780,events|reduces,0,0
3781,events|refactoring,0,0
3782,events|reliability,0,0
3783,events|repository,0,0
3784,events|reproducibility,0,0
3785,events|request,0,0
3786,events|reuse,0,0
3787,events|review,0,0
3788,events|risk,0,0
3789,events|runs,0,0
3790,events|secrets,0,0
3791,events|separates,0,0
3792,events|snapshot,0,0
3793,events|source,0,0
3794,events|src,0,0
3795,events|standards,0,0
3796,events|states,0,0
3797,events|structure,0,0
3798,events|supports,0,0
3799,events|system,0,0
3800,events|tasks,0,0
3801,events|terms,0,0
3802,events|test,0,0
3803,events|tests,0,0
3804,events|toml,0,0
3805,events|tools,0,0
3806,events|tracked,0,0
3807,events|tracks,0,0
3808,events|usability,0,0
3809,events|verifies,0,0
3810,events|version,0,0
3811,events|virtual,0,0
3812,events|with,0,0
3813,events|work,0,0
3814,events|workflow,0,0
3815,experimentation|a,-0.0400,-0.0400
3816,experimentation|and,0,0
3817,experimentation|authors,0,0
3818,experimentation|automates,0,0
3819,experimentation|behavior,0,0
3820,experimentation|branch,0,0
3821,experimentation|changes,0,0
3822,experimentation|checks,0,0
3823,experimentation|code,0,0
3824,experimentation|collaboration,0,0
3825,experimentation|collection,0,0
3826,experimentation|commit,0,0
3827,experimentation|committing,0,0
3828,experimentation|configures,0,0
3829,experimentation|conflicts,0,0
3830,experimentation|consistency,0,0
3831,experimentation|contains,0,0
3832,experimentation|continuous,0,0
3833,experimentation|control,0,0
3834,experimentation|controls,0,0
3835,experimentation|data,0,0
3836,experimentation|defines,0,0
3837,experimentation|dependencies,0,0
3838,experimentation|describes,0,0
3839,experimentation|detects,0,0
3840,experimentation|docs,0,0
3841,experimentation|documentation,0,0
3842,experimentation|documents,0,0
3843,experimentation|enables,0,0
3844,experimentation|endings,0,0
3845,experimentation|enforces,0,0
3846,experimentation|ensures,0,0
3847,experimentation|environment,0,0
3848,experimentation|errors,0,0
3849,experimentation|events,0,0
3850,experimentation|experimentation,0,0
3851,experimentation|explains,0,0
3852,experimentation|file,0,0
3853,experimentation|files,0,0
3854,experimentation|folder,0,0
3855,experimentation|from,0,0
3856,experimentation|git,0,0
3857,experimentation|gitattributes,0,0
3858,experimentation|gitignore,0,0
3859,experimentation|history,0,0
3860,experimentation|ignored,0,0
3861,experimentation|improves,0,0
3862,experimentation|includes,0,0
3863,experimentation|instructions,0,0
3864,experimentation|integration,0,0
3865,experimentation|intent,0,0
3866,experimentation|is,0,0
3867,experimentation|isolates,0,0
3868,experimentation|license,0,0
3869,experimentation|line,0,0
3870,experimentation|lists,0,0
3871,experimentation|message,0,0
3872,experimentation|mkdocs,0,0
3873,experimentation|noise,0,0
3874,experimentation|of,0,0
3875,experimentation|on,0,0
3876,experimentation|permissions,0,0
3877,experimentation|portability,0,0
3878,experimentation|prevents,0,0
3879,experimentation|project,0,0
3880,experimentation|proposes,0,0
3881,experimentation|protects,0,0
3882,experimentation|provides,0,0
3883,experimentation|pull,0,0
3884,experimentation|purpose,0,0
3885,experimentation|pyproject,0,0
3886,experimentation|quality,0,0
3887,experimentation|readme,0,0
3888,experimentation|records,0,0
3889,experimentation|reduces,0,0
3890,experimentation|refactoring,0,0
3891,experimentation|reliability,0,0
3892,experimentation|repository,0,0
3893,experimentation|reproducibility,0,0
3894,experimentation|request,0,0
3895,experimentation|reuse,0,0
3896,experimentation|review,0,0
3897,experimentation|risk,0,0
3898,experimentation|runs,0,0
3899,experimentation|secrets,0,0
3900,experimentation|separates,0,0
3901,experimentation|snapshot,0,0
3902,experimentation|source,0,0
3903,experimentation|src,0,0
3904,experimentation|standards,0,0
3905,experimentation|states,0,0
3906,experimentation|structure,0,0
3907,experimentation|supports,0,0
3908,experimentation|system,0,0
3909,experimentation|tasks,0,0
3910,experimentation|terms,0,0
3911,experimentation|test,0,0
3912,experimentation|tests,0,0
3913,experimentation|toml,0,0
3914,experimentation|tools,0,0
3915,experimentation|tracked,0,0
3916,experimentation|tracks,0,0
3917,experimentation|usability,0,0
3918,experimentation|verifies,0,0
3919,experimentation|version,0,0
3920,experimentation|virtual,0,0
3921,experimentation|with,0,0
3922,experimentation|work,0,0
3923,experimentation|workflow,0,0
3924,explains|a,-0.0400,-0.0400
3925,explains|and,0,0
3926,explains|authors,0,0
3927,explains|automates,0,0
3928,explains|behavior,0,0
3929,explains|branch,0,0
3930,explains|changes,0,0
3931,explains|checks,0,0
3932,explains|code,0,0
3933,explains|collaboration,0,0
3934,explains|collection,0,0
3935,explains|commit,0,0
3936,explains|committing,0,0
3937,explains|configures,0,0
3938,explains|conflicts,0,0
3939,explains|consistency,0,0
3940,explains|contains,0,0
3941,explains|continuous,0,0
3942,explains|control,0,0
3943,explains|controls,0,0
3944,explains|data,0,0
3945,explains|defines,0,0
3946,explains|dependencies,0,0
3947,explains|describes,0,0
3948,explains|detects,0,0
3949,explains|docs,0,0
3950,explains|documentation,0,0
3951,explains|documents,0,0
3952,explains|enables,0,0
3953,explains|endings,0,0
3954,explains|enforces,0,0
3955,explains|ensures,0,0
3956,explains|environment,0,0
3957,explains|errors,0,0
3958,explains|events,0,0
3959,explains|experimentation,0,0
3960,explains|explains,0,0
3961,explains|file,0,0
3962,explains|files,0,0
3963,explains|folder,0,0
3964,explains|from,0,0
3965,explains|git,0,0
3966,explains|gitattributes,0,0
3967,explains|gitignore,0,0
3968,explains|history,0,0
3969,explains|ignored,0,0
3970,explains|improves,0,0
3971,explains|includes,0,0
3972,explains|instructions,0,0
3973,explains|integration,0,0
3974,explains|intent,0,0
3975,explains|is,0,0
3976,explains|isolates,0,0
3977,explains|license,0,0
3978,explains|line,0,0
3979,explains|lists,0,0
3980,explains|message,0,0
3981,explains|mkdocs,0,0
3982,explains|noise,0,0
3983,explains|of,0,0
3984,explains|on,0,0
3985,explains|permissions,0,0
3986,explains|portability,0,0
3987,explains|prevents,0,0
3988,explains|project,0,0
3989,explains|proposes,0,0
3990,explains|protects,0,0
3991,explains|provides,0,0
3992,explains|pull,0,0
3993,explains|purpose,0,0
3994,explains|pyproject,0,0
3995,explains|quality,0,0
3996,explains|readme,0,0
3997,explains|records,0,0
3998,explains|reduces,0,0
3999,explains|refactoring,0,0
4000,explains|reliability,0,0
4001,explains|repository,0,0
4002,explains|reproducibility,0,0
4003,explains|request,0,0
4004,explains|reuse,0,0
4005,explains|review,0,0
4006,explains|risk,0,0
4007,explains|runs,0,0
4008,explains|secrets,0,0
4009,explains|separates,0,0
4010,explains|snapshot,0,0
4011,explains|source,0,0
4012,explains|src,0,0
4013,explains|standards,0,0
4014,explains|states,0,0
4015,explains|structure,0,0
4016,explains|supports,0,0
4017,explains|system,0,0
4018,explains|tasks,0,0
4019,explains|terms,0,0
4020,explains|test,0,0
4021,explains|tests,0,0
4022,explains|toml,0,0
4023,explains|tools,0,0
4024,explains|tracked,0,0
4025,explains|tracks,0,0
4026,explains|usability,0,0
4027,explains|verifies,0,0
4028,explains|version,0,0
4029,explains|virtual,0,0
4030,explains|with,0,0
4031,explains|work,0,0
4032,explains|workflow,0,0
4033,file|a,0,0
4034,file|and,0,0
4035,file|authors,0,0
4036,file|automates,0,0
4037,file|behavior,0,0
4038,file|branch,0,0
4039,file|changes,0,0
4040,file|checks,0,0
4041,file|code,0,0
4042,file|collaboration,0,0
4043,file|collection,0,0
4044,file|commit,0,0
4045,file|committing,0,0
4046,file|configures,4.3188,-0.0400
4047,file|conflicts,0,0
4048,file|consistency,0,0
4049,file|contains,0,0
4050,file|continuous,0,0
4051,file|control,0,0
4052,file|controls,-0.0400,-0.0400
4053,file|data,0,0
4054,file|defines,-0.1060,-0.1060
4055,file|dependencies,0,0
4056,file|describes,-0.0400,-0.0400
4057,file|detects,0,0
4058,file|docs,0,0
4059,file|documentation,0,0
4060,file|documents,0,0
4061,file|enables,0,0
4062,file|endings,0,0
4063,file|enforces,0,0
4064,file|ensures,-0.0400,-0.0400
4065,file|environment,0,0
4066,file|errors,0,0
4067,file|events,0,0
4068,file|experimentation,0,0
4069,file|explains,4.3188,-0.0400
4070,file|file,0,0
4071,file|files,0,0
4072,file|folder,0,0
4073,file|from,0,0
4074,file|git,0,0
4075,file|gitattributes,0,0
4076,file|gitignore,0,0
4077,file|history,0,0
4078,file|ignored,0,0
4079,file|improves,-0.0400,-0.0400
4080,file|includes,0,0
4081,file|instructions,0,0
4082,file|integration,0,0
4083,file|intent,0,0
4084,file|is,0,0
4085,file|isolates,0,0
4086,file|license,0,0
4087,file|line,0,0
4088,file|lists,-0.0400,-0.0400
4089,file|message,0,0
4090,file|mkdocs,0,0
4091,file|noise,0,0
4092,file|of,0,0
4093,file|on,0,0
4094,file|permissions,0,0
4095,file|portability,0,0
4096,file|prevents,-0.0400,-0.0400
4097,file|project,0,0
4098,file|proposes,0,0
4099,file|protects,-0.0400,-0.0400
4100,file|provides,-0.0400,-0.0400
4101,file|pull,0,0
4102,file|purpose,0,0
4103,file|pyproject,0,0
4104,file|quality,0,0
4105,file|readme,0,0
4106,file|records,0,0
4107,file|reduces,-0.0400,-0.0400
4108,file|refactoring,0,0
4109,file|reliability,0,0
4110,file|repository,0,0
4111,file|reproducibility,0,0
4112,file|request,0,0
4113,file|reuse,0,0
4114,file|review,0,0
4115,file|risk,0,0
4116,file|runs,0,0
4117,file|secrets,0,0
4118,file|separates,0,0
4119,file|snapshot,0,0
4120,file|source,0,0
4121,file|src,0,0
4122,file|standards,0,0
4123,file|states,-0.0400,-0.0400
4124,file|structure,0,0
4125,file|supports,0,0
4126,file|system,0,0
4127,file|tasks,0,0
4128,file|terms,0,0
4129,file|test,0,0
4130,file|tests,0,0
4131,file|toml,0,0
4132,file|tools,0,0
4133,file|tracked,0,0
4134,file|tracks,0,0
4135,file|usability,0,0
4136,file|verifies,0,0
4137,file|version,0,0
4138,file|virtual,0,0
4139,file|with,0,0
4140,file|work,0,0
4141,file|workflow,0,0
4142,files|a,-0.0744,-0.0744
4143,files|and,0,0
4144,files|authors,0,0
4145,files|automates,0,0
4146,files|behavior,0,0
4147,files|branch,0,0
4148,files|changes,0,0
4149,files|checks,0,0
4150,files|code,0,0
4151,files|collaboration,0,0
4152,files|collection,0,0
4153,files|commit,0,0
4154,files|committing,0,0
4155,files|configures,0,0
4156,files|conflicts,0,0
4157,files|consistency,0,0
4158,files|contains,0,0
4159,files|continuous,0,0
4160,files|control,0,0
4161,files|controls,0,0
4162,files|data,0,0
4163,files|defines,0,0
4164,files|dependencies,0,0
4165,files|describes,0,0
4166,files|detects,0,0
4167,files|docs,0,0
4168,files|documentation,0,0
4169,files|documents,0,0
4170,files|enables,0,0
4171,files|endings,0,0
4172,files|enforces,0,0
4173,files|ensures,0,0
4174,files|environment,0,0
4175,files|errors,0,0
4176,files|events,0,0
4177,files|experimentation,0,0
4178,files|explains,0,0
4179,files|file,0,0
4180,files|files,0,0
4181,files|folder,0,0
4182,files|from,0,0
4183,files|git,0,0
4184,files|gitattributes,0,0
4185,files|gitignore,0,0
4186,files|history,0,0
4187,files|ignored,0,0
4188,files|improves,0,0
4189,files|includes,0,0
4190,files|instructions,0,0
4191,files|integration,0,0
4192,files|intent,0,0
4193,files|is,0,0
4194,files|isolates,0,0
4195,files|license,0,0
4196,files|line,0,0
4197,files|lists,0,0
4198,files|message,0,0
4199,files|mkdocs,0,0
4200,files|noise,0,0
4201,files|of,0,0
4202,files|on,0,0
4203,files|permissions,0,0
4204,files|portability,0,0
4205,files|prevents,0,0
4206,files|project,0,0
4207,files|proposes,0,0
4208,files|protects,0,0
4209,files|provides,0,0
4210,files|pull,0,0
4211,files|purpose,0,0
4212,files|pyproject,0,0
4213,files|quality,0,0
4214,files|readme,0,0
4215,files|records,0,0
4216,files|reduces,0,0
4217,files|refactoring,0,0
4218,files|reliability,0,0
4219,files|repository,0,0
4220,files|reproducibility,0,0
4221,files|request,0,0
4222,files|reuse,0,0
4223,files|review,0,0
4224,files|risk,0,0
4225,files|runs,0,0
4226,files|secrets,0,0
4227,files|separates,0,0
4228,files|snapshot,0,0
4229,files|source,0,0
4230,files|src,0,0
4231,files|standards,0,0
4232,files|states,0,0
4233,files|structure,0,0
4234,files|supports,0,0
4235,files|system,0,0
4236,files|tasks,0,0
4237,files|terms,0,0
4238,files|test,0,0
4239,files|tests,0,0
4240,files|toml,0,0
4241,files|tools,0,0
4242,files|tracked,0,0
4243,files|tracks,0,0
4244,files|usability,0,0
4245,files|verifies,0,0
4246,files|version,0,0
4247,files|virtual,0,0
4248,files|with,0,0
4249,files|work,0,0
4250,files|workflow,0,0
4251,folder|a,0,0
4252,folder|and,0,0
4253,folder|authors,0,0
4254,folder|automates,0,0
4255,folder|behavior,0,0
4256,folder|branch,0,0
4257,folder|changes,0,0
4258,folder|checks,0,0
4259,folder|code,0,0
4260,folder|collaboration,0,0
4261,folder|collection,0,0
4262,folder|commit,0,0
4263,folder|committing,0,0
4264,folder|configures,0,0
4265,folder|conflicts,0,0
4266,folder|consistency,0,0
4267,folder|contains,-0.1060,-0.1060
4268,folder|continuous,0,0
4269,folder|control,0,0
4270,folder|controls,0,0
4271,folder|data,0,0
4272,folder|defines,0,0
4273,folder|dependencies,0,0
4274,folder|describes,0,0
4275,folder|detects,0,0
4276,folder|docs,0,0
4277,folder|documentation,0,0
4278,folder|documents,0,0
4279,folder|enables,0,0
4280,folder|endings,0,0
4281,folder|enforces,0,0
4282,folder|ensures,0,0
4283,folder|environment,0,0
4284,folder|errors,0,0
4285,folder|events,0,0
4286,folder|experimentation,0,0
4287,folder|explains,0,0
4288,folder|file,0,0
4289,folder|files,0,0
4290,folder|folder,0,0
4291,folder|from,0,0
4292,folder|git,0,0
4293,folder|gitattributes,0,0
4294,folder|gitignore,0,0
4295,folder|history,0,0
4296,folder|ignored,0,0
4297,folder|improves,-0.0744,-0.0744
4298,folder|includes,0,0
4299,folder|instructions,0,0
4300,folder|integration,0,0
4301,folder|intent,0,0
4302,folder|is,0,0
4303,folder|isolates,0,0
4304,folder|license,0,0
4305,folder|line,0,0
4306,folder|lists,0,0
4307,folder|message,0,0
4308,folder|mkdocs,0,0
4309,folder|noise,0,0
4310,folder|of,0,0
4311,folder|on,0,0
4312,folder|permissions,0,0
4313,folder|portability,0,0
4314,folder|prevents,0,0
4315,folder|project,0,0
4316,folder|proposes,0,0
4317,folder|protects,0,0
4318,folder|provides,0,0
4319,folder|pull,0,0
4320,folder|purpose,0,0
4321,folder|pyproject,0,0
4322,folder|quality,0,0
4323,folder|readme,0,0
4324,folder|records,0,0
4325,folder|reduces,0,0
4326,folder|refactoring,0,0
4327,folder|reliability,0,0
4328,folder|repository,0,0
4329,folder|reproducibility,0,0
4330,folder|request,0,0
4331,folder|reuse,0,0
4332,folder|review,0,0
4333,folder|risk,0,0
4334,folder|runs,0,0
4335,folder|secrets,0,0
4336,folder|separates,-0.0400,-0.0400
4337,folder|snapshot,0,0
4338,folder|source,0,0
4339,folder|src,0,0
4340,folder|standards,0,0
4341,folder|states,0,0
4342,folder|structure,0,0
4343,folder|supports,-0.0744,-0.0744
4344,folder|system,0,0
4345,folder|tasks,0,0
4346,folder|terms,0,0
4347,folder|test,0,0
4348,folder|tests,0,0
4349,folder|toml,0,0
4350,folder|tools,0,0
4351,folder|tracked,0,0
4352,folder|tracks,0,0
4353,folder|usability,0,0
4354,folder|verifies,-0.0400,-0.0400
4355,folder|version,0,0
4356,folder|virtual,0,0
4357,folder|with,0,0
4358,folder|work,0,0
4359,folder|workflow,0,0
4360,from|a,0,0
4361,from|and,0,0
4362,from|authors,0,0
4363,from|automates,0,0
4364,from|behavior,0,0
4365,from|branch,0,0
4366,from|changes,0,0
4367,from|checks,0,0
4368,from|code,0,0
4369,from|collaboration,0,0
4370,from|collection,0,0
4371,from|commit,0,0
4372,from|committing,0,0
4373,from|configures,0,0
4374,from|conflicts,0,0
4375,from|consistency,0,0
4376,from|contains,0,0
4377,from|continuous,0,0
4378,from|control,0,0
4379,from|controls,0,0
4380,from|data,4.3188,-0.0400
4381,from|defines,0,0
4382,from|dependencies,0,0
4383,from|describes,0,0
4384,from|detects,0,0
4385,from|docs,0,0
4386,from|documentation,0,0
4387,from|documents,0,0
4388,from|enables,0,0
4389,from|endings,0,0
4390,from|enforces,0,0
4391,from|ensures,0,0
4392,from|environment,0,0
4393,from|errors,0,0
4394,from|events,0,0
4395,from|experimentation,0,0
4396,from|explains,0,0
4397,from|file,0,0
4398,from|files,0,0
4399,from|folder,0,0
4400,from|from,0,0
4401,from|git,0,0
4402,from|gitattributes,0,0
4403,from|gitignore,0,0
4404,from|history,0,0
4405,from|ignored,0,0
4406,from|improves,0,0
4407,from|includes,0,0
4408,from|instructions,0,0
4409,from|integration,0,0
4410,from|intent,0,0
4411,from|is,0,0
4412,from|isolates,0,0
4413,from|license,0,0
4414,from|line,0,0
4415,from|lists,0,0
4416,from|message,0,0
4417,from|mkdocs,0,0
4418,from|noise,0,0
4419,from|of,0,0
4420,from|on,0,0
4421,from|permissions,0,0
4422,from|portability,0,0
4423,from|prevents,0,0
4424,from|project,0,0
4425,from|proposes,0,0
4426,from|protects,0,0
4427,from|provides,0,0
4428,from|pull,0,0
4429,from|purpose,0,0
4430,from|pyproject,0,0
4431,from|quality,0,0
4432,from|readme,0,0
4433,from|records,0,0
4434,from|reduces,0,0
4435,from|refactoring,0,0
4436,from|reliability,0,0
4437,from|repository,0,0
4438,from|reproducibility,0,0
4439,from|request,0,0
4440,from|reuse,0,0
4441,from|review,0,0
4442,from|risk,0,0
4443,from|runs,0,0
4444,from|secrets,0,0
4445,from|separates,0,0
4446,from|snapshot,0,0
4447,from|source,0,0
4448,from|src,0,0
4449,from|standards,0,0
4450,from|states,0,0
4451,from|structure,0,0
4452,from|supports,0,0
4453,from|system,0,0
4454,from|tasks,0,0
4455,from|terms,0,0
4456,from|test,0,0
4457,from|tests,0,0
4458,from|toml,0,0
4459,from|tools,0,0
4460,from|tracked,0,0
4461,from|tracks,0,0
4462,from|usability,0,0
4463,from|verifies,0,0
4464,from|version,0,0
4465,from|virtual,0,0
4466,from|with,0,0
4467,from|work,0,0
4468,from|workflow,0,0
4469,git|a,-0.0400,-0.0400
4470,git|and,0,0
4471,git|authors,0,0
4472,git|automates,0,0
4473,git|behavior,0,0
4474,git|branch,0,0
4475,git|changes,0,0
4476,git|checks,0,0
4477,git|code,0,0
4478,git|collaboration,0,0
4479,git|collection,0,0
4480,git|commit,0,0
4481,git|committing,0,0
4482,git|configures,0,0
4483,git|conflicts,0,0
4484,git|consistency,0,0
4485,git|contains,0,0
4486,git|continuous,0,0
4487,git|control,0,0
4488,git|controls,0,0
4489,git|data,0,0
4490,git|defines,0,0
4491,git|dependencies,0,0
4492,git|describes,0,0
4493,git|detects,0,0
4494,git|docs,0,0
4495,git|documentation,0,0
4496,git|documents,0,0
4497,git|enables,0,0
4498,git|endings,0,0
4499,git|enforces,0,0
4500,git|ensures,0,0
4501,git|environment,0,0
4502,git|errors,0,0
4503,git|events,0,0
4504,git|experimentation,0,0
4505,git|explains,0,0
4506,git|file,0,0
4507,git|files,0,0
4508,git|folder,0,0
4509,git|from,0,0
4510,git|git,0,0
4511,git|gitattributes,0,0
4512,git|gitignore,0,0
4513,git|history,0,0
4514,git|ignored,0,0
4515,git|improves,0,0
4516,git|includes,0,0
4517,git|instructions,0,0
4518,git|integration,0,0
4519,git|intent,0,0
4520,git|is,0,0
4521,git|isolates,0,0
4522,git|license,0,0
4523,git|line,0,0
4524,git|lists,0,0
4525,git|message,0,0
4526,git|mkdocs,0,0
4527,git|noise,0,0
4528,git|of,0,0
4529,git|on,0,0
4530,git|permissions,0,0
4531,git|portability,0,0
4532,git|prevents,0,0
4533,git|project,0,0
4534,git|proposes,0,0
4535,git|protects,0,0
4536,git|provides,0,0
4537,git|pull,0,0
4538,git|purpose,0,0
4539,git|pyproject,0,0
4540,git|quality,0,0
4541,git|readme,0,0
4542,git|records,0,0
4543,git|reduces,0,0
4544,git|refactoring,0,0
4545,git|reliability,0,0
4546,git|repository,0,0
4547,git|reproducibility,0,0
4548,git|request,0,0
4549,git|reuse,0,0
4550,git|review,0,0
4551,git|risk,0,0
4552,git|runs,0,0
4553,git|secrets,0,0
4554,git|separates,0,0
4555,git|snapshot,0,0
4556,git|source,0,0
4557,git|src,0,0
4558,git|standards,0,0
4559,git|states,0,0
4560,git|structure,0,0
4561,git|supports,0,0
4562,git|system,0,0
4563,git|tasks,0,0
4564,git|terms,0,0
4565,git|test,0,0
4566,git|tests,0,0
4567,git|toml,0,0
4568,git|tools,0,0
4569,git|tracked,0,0
4570,git|tracks,0,0
4571,git|usability,0,0
4572,git|verifies,0,0
4573,git|version,0,0
4574,git|virtual,0,0
4575,git|with,0,0
4576,git|work,0,0
4577,git|workflow,0,0
4578,gitattributes|a,0,0
4579,gitattributes|and,0,0
4580,gitattributes|authors,0,0
4581,gitattributes|automates,0,0
4582,gitattributes|behavior,0,0
4583,gitattributes|branch,0,0
4584,gitattributes|changes,0,0
4585,gitattributes|checks,0,0
4586,gitattributes|code,0,0
4587,gitattributes|collaboration,0,0
4588,gitattributes|collection,0,0
4589,gitattributes|commit,0,0
4590,gitattributes|committing,0,0
4591,gitattributes|configures,0,0
4592,gitattributes|conflicts,0,0
4593,gitattributes|consistency,0,0
4594,gitattributes|contains,0,0
4595,gitattributes|continuous,0,0
4596,gitattributes|control,0,0
4597,gitattributes|controls,0,0
4598,gitattributes|data,0,0
4599,gitattributes|defines,0,0
4600,gitattributes|dependencies,0,0
4601,gitattributes|describes,0,0
4602,gitattributes|detects,0,0
4603,gitattributes|docs,0,0
4604,gitattributes|documentation,0,0
4605,gitattributes|documents,0,0
4606,gitattributes|enables,0,0
4607,gitattributes|endings,0,0
4608,gitattributes|enforces,0,0
4609,gitattributes|ensures,0,0
4610,gitattributes|environment,0,0
4611,gitattributes|errors,0,0
4612,gitattributes|events,0,0
4613,gitattributes|experimentation,0,0
4614,gitattributes|explains,0,0
4615,gitattributes|file,-0.1060,-0.1060
4616,gitattributes|files,0,0
4617,gitattributes|folder,0,0
4618,gitattributes|from,0,0
4619,gitattributes|git,0,0
4620,gitattributes|gitattributes,0,0
4621,gitattributes|gitignore,0,0
4622,gitattributes|history,0,0
4623,gitattributes|ignored,0,0
4624,gitattributes|improves,0,0
4625,gitattributes|includes,0,0
4626,gitattributes|instructions,0,0
4627,gitattributes|integration,0,0
4628,gitattributes|intent,0,0
4629,gitattributes|is,0,0
4630,gitattributes|isolates,0,0
4631,gitattributes|license,0,0
4632,gitattributes|line,0,0
4633,gitattributes|lists,0,0
4634,gitattributes|message,0,0
4635,gitattributes|mkdocs,0,0
4636,gitattributes|noise,0,0
4637,gitattributes|of,0,0
4638,gitattributes|on,0,0
4639,gitattributes|permissions,0,0
4640,gitattributes|portability,0,0
4641,gitattributes|prevents,0,0
4642,gitattributes|project,0,0
4643,gitattributes|proposes,0,0
4644,gitattributes|protects,0,0
4645,gitattributes|provides,0,0
4646,gitattributes|pull,0,0
4647,gitattributes|purpose,0,0
4648,gitattributes|pyproject,0,0
4649,gitattributes|quality,0,0
4650,gitattributes|readme,0,0
4651,gitattributes|records,0,0
4652,gitattributes|reduces,0,0
4653,gitattributes|refactoring,0,0
4654,gitattributes|reliability,0,0
4655,gitattributes|repository,0,0
4656,gitattributes|reproducibility,0,0
4657,gitattributes|request,0,0
4658,gitattributes|reuse,0,0
4659,gitattributes|review,0,0
4660,gitattributes|risk,0,0
4661,gitattributes|runs,0,0
4662,gitattributes|secrets,0,0
4663,gitattributes|separates,0,0
4664,gitattributes|snapshot,0,0
4665,gitattributes|source,0,0
4666,gitattributes|src,0,0
4667,gitattributes|standards,0,0
4668,gitattributes|states,0,0
4669,gitattributes|structure,0,0
4670,gitattributes|supports,0,0
4671,gitattributes|system,0,0
4672,gitattributes|tasks,0,0
4673,gitattributes|terms,0,0
4674,gitattributes|test,0,0
4675,gitattributes|tests,0,0
4676,gitattributes|toml,0,0
4677,gitattributes|tools,0,0
4678,gitattributes|tracked,0,0
4679,gitattributes|tracks,0,0
4680,gitattributes|usability,0,0
4681,gitattributes|verifies,0,0
4682,gitattributes|version,0,0
4683,gitattributes|virtual,0,0
4684,gitattributes|with,0,0
4685,gitattributes|work,0,0
4686,gitattributes|workflow,0,0
4687,gitignore|a,0,0
4688,gitignore|and,0,0
4689,gitignore|authors,0,0
4690,gitignore|automates,0,0
4691,gitignore|behavior,0,0
4692,gitignore|branch,0,0
4693,gitignore|changes,0,0
4694,gitignore|checks,0,0
4695,gitignore|code,0,0
4696,gitignore|collaboration,0,0
4697,gitignore|collection,0,0
4698,gitignore|commit,0,0
4699,gitignore|committing,0,0
4700,gitignore|configures,0,0
4701,gitignore|conflicts,0,0
4702,gitignore|consistency,0,0
4703,gitignore|contains,0,0
4704,gitignore|continuous,0,0
4705,gitignore|control,0,0
4706,gitignore|controls,0,0
4707,gitignore|data,0,0
4708,gitignore|defines,0,0
4709,gitignore|dependencies,0,0
4710,gitignore|describes,0,0
4711,gitignore|detects,0,0
4712,gitignore|docs,0,0
4713,gitignore|documentation,0,0
4714,gitignore|documents,0,0
4715,gitignore|enables,0,0
4716,gitignore|endings,0,0
4717,gitignore|enforces,0,0
4718,gitignore|ensures,0,0
4719,gitignore|environment,0,0
4720,gitignore|errors,0,0
4721,gitignore|events,0,0
4722,gitignore|experimentation,0,0
4723,gitignore|explains,0,0
4724,gitignore|file,-0.1060,-0.1060
4725,gitignore|files,0,0
4726,gitignore|folder,0,0
4727,gitignore|from,0,0
4728,gitignore|git,0,0
4729,gitignore|gitattributes,0,0
4730,gitignore|gitignore,0,0
4731,gitignore|history,0,0
4732,gitignore|ignored,0,0
4733,gitignore|improves,0,0
4734,gitignore|includes,0,0
4735,gitignore|instructions,0,0
4736,gitignore|integration,0,0
4737,gitignore|intent,0,0
4738,gitignore|is,0,0
4739,gitignore|isolates,0,0
4740,gitignore|license,0,0
4741,gitignore|line,0,0
4742,gitignore|lists,0,0
4743,gitignore|message,0,0
4744,gitignore|mkdocs,0,0
4745,gitignore|noise,0,0
4746,gitignore|of,0,0
4747,gitignore|on,0,0
4748,gitignore|permissions,0,0
4749,gitignore|portability,0,0
4750,gitignore|prevents,0,0
4751,gitignore|project,0,0
4752,gitignore|proposes,0,0
4753,gitignore|protects,0,0
4754,gitignore|provides,0,0
4755,gitignore|pull,0,0
4756,gitignore|purpose,0,0
4757,gitignore|pyproject,0,0
4758,gitignore|quality,0,0
4759,gitignore|readme,0,0
4760,gitignore|records,0,0
4761,gitignore|reduces,0,0
4762,gitignore|refactoring,0,0
4763,gitignore|reliability,0,0
4764,gitignore|repository,0,0
4765,gitignore|reproducibility,0,0
4766,gitignore|request,0,0
4767,gitignore|reuse,0,0
4768,gitignore|review,0,0
4769,gitignore|risk,0,0
4770,gitignore|runs,0,0
4771,gitignore|secrets,0,0
4772,gitignore|separates,0,0
4773,gitignore|snapshot,0,0
4774,gitignore|source,0,0
4775,gitignore|src,0,0
4776,gitignore|standards,0,0
4777,gitignore|states,0,0
4778,gitignore|structure,0,0
4779,gitignore|supports,0,0
4780,gitignore|system,0,0
4781,gitignore|tasks,0,0
4782,gitignore|terms,0,0
4783,gitignore|test,0,0
4784,gitignore|tests,0,0
4785,gitignore|toml,0,0
4786,gitignore|tools,0,0
4787,gitignore|tracked,0,0
4788,gitignore|tracks,0,0
4789,gitignore|usability,0,0
4790,gitignore|verifies,0,0
4791,gitignore|version,0,0
4792,gitignore|virtual,0,0
4793,gitignore|with,0,0
4794,gitignore|work,0,0
4795,gitignore|workflow,0,0
4796,history|a,-0.0400,-0.0400
4797,history|and,0,0
4798,history|authors,0,0
4799,history|automates,0,0
4800,history|behavior,0,0
4801,history|branch,0,0
4802,history|changes,0,0
4803,history|checks,0,0
4804,history|code,0,0
4805,history|collaboration,0,0
4806,history|collection,0,0
4807,history|commit,0,0
4808,history|committing,0,0
4809,history|configures,0,0
4810,history|conflicts,0,0
4811,history|consistency,0,0
4812,history|contains,0,0
4813,history|continuous,0,0
4814,history|control,0,0
4815,history|controls,0,0
4816,history|data,0,0
4817,history|defines,0,0
4818,history|dependencies,0,0
4819,history|describes,0,0
4820,history|detects,0,0
4821,history|docs,0,0
4822,history|documentation,0,0
4823,history|documents,0,0
4824,history|enables,0,0
4825,history|endings,0,0
4826,history|enforces,0,0
4827,history|ensures,0,0
4828,history|environment,0,0
4829,history|errors,0,0
4830,history|events,0,0
4831,history|experimentation,0,0
4832,history|explains,0,0
4833,history|file,0,0
4834,history|files,0,0
4835,history|folder,0,0
4836,history|from,0,0
4837,history|git,0,0
4838,history|gitattributes,0,0
4839,history|gitignore,0,0
4840,history|history,0,0
4841,history|ignored,0,0
4842,history|improves,0,0
4843,history|includes,0,0
4844,history|instructions,0,0
4845,history|integration,0,0
4846,history|intent,0,0
4847,history|is,0,0
4848,history|isolates,0,0
4849,history|license,0,0
4850,history|line,0,0
4851,history|lists,0,0
4852,history|message,0,0
4853,history|mkdocs,0,0
4854,history|noise,0,0
4855,history|of,0,0
4856,history|on,0,0
4857,history|permissions,0,0
4858,history|portability,0,0
4859,history|prevents,0,0
4860,history|project,0,0
4861,history|proposes,0,0
4862,history|protects,0,0
4863,history|provides,0,0
4864,history|pull,0,0
4865,history|purpose,0,0
4866,history|pyproject,0,0
4867,history|quality,0,0
4868,history|readme,0,0
4869,history|records,0,0
4870,history|reduces,0,0
4871,history|refactoring,0,0
4872,history|reliability,0,0
4873,history|repository,0,0
4874,history|reproducibility,0,0
4875,history|request,0,0
4876,history|reuse,0,0
4877,history|review,0,0
4878,history|risk,0,0
4879,history|runs,0,0
4880,history|secrets,0,0
4881,history|separates,0,0
4882,history|snapshot,0,0
4883,history|source,0,0
4884,history|src,0,0
4885,history|standards,0,0
4886,history|states,0,0
4887,history|structure,0,0
4888,history|supports,0,0
4889,history|system,0,0
4890,history|tasks,0,0
4891,history|terms,0,0
4892,history|test,0,0
4893,history|tests,0,0
4894,history|toml,0,0
4895,history|tools,0,0
4896,history|tracked,0,0
4897,history|tracks,0,0
4898,history|usability,0,0
4899,history|verifies,0,0
4900,history|version,0,0
4901,history|virtual,0,0
4902,history|with,0,0
4903,history|work,0,0
4904,history|workflow,0,0
4905,ignored|a,0,0
4906,ignored|and,0,0
4907,ignored|authors,0,0
4908,ignored|automates,0,0
4909,ignored|behavior,0,0
4910,ignored|branch,0,0
4911,ignored|changes,0,0
4912,ignored|checks,0,0
4913,ignored|code,0,0
4914,ignored|collaboration,0,0
4915,ignored|collection,0,0
4916,ignored|commit,0,0
4917,ignored|committing,0,0
4918,ignored|configures,0,0
4919,ignored|conflicts,0,0
4920,ignored|consistency,0,0
4921,ignored|contains,0,0
4922,ignored|continuous,0,0
4923,ignored|control,0,0
4924,ignored|controls,0,0
4925,ignored|data,0,0
4926,ignored|defines,0,0
4927,ignored|dependencies,0,0
4928,ignored|describes,0,0
4929,ignored|detects,0,0
4930,ignored|docs,0,0
4931,ignored|documentation,0,0
4932,ignored|documents,0,0
4933,ignored|enables,0,0
4934,ignored|endings,0,0
4935,ignored|enforces,0,0
4936,ignored|ensures,0,0
4937,ignored|environment,0,0
4938,ignored|errors,0,0
4939,ignored|events,0,0
4940,ignored|experimentation,0,0
4941,ignored|explains,0,0
4942,ignored|file,0,0
4943,ignored|files,4.3188,-0.0400
4944,ignored|folder,0,0
4945,ignored|from,0,0
4946,ignored|git,0,0
4947,ignored|gitattributes,0,0
4948,ignored|gitignore,0,0
4949,ignored|history,0,0
4950,ignored|ignored,0,0
4951,ignored|improves,0,0
4952,ignored|includes,0,0
4953,ignored|instructions,0,0
4954,ignored|integration,0,0
4955,ignored|intent,0,0
4956,ignored|is,0,0
4957,ignored|isolates,0,0
4958,ignored|license,0,0
4959,ignored|line,0,0
4960,ignored|lists,0,0
4961,ignored|message,0,0
4962,ignored|mkdocs,0,0
4963,ignored|noise,0,0
4964,ignored|of,0,0
4965,ignored|on,0,0
4966,ignored|permissions,0,0
4967,ignored|portability,0,0
4968,ignored|prevents,0,0
4969,ignored|project,0,0
4970,ignored|proposes,0,0
4971,ignored|protects,0,0
4972,ignored|provides,0,0
4973,ignored|pull,0,0
4974,ignored|purpose,0,0
4975,ignored|pyproject,0,0
4976,ignored|quality,0,0
4977,ignored|readme,0,0
4978,ignored|records,0,0
4979,ignored|reduces,0,0
4980,ignored|refactoring,0,0
4981,ignored|reliability,0,0
4982,ignored|repository,0,0
4983,ignored|reproducibility,0,0
4984,ignored|request,0,0
4985,ignored|reuse,0,0
4986,ignored|review,0,0
4987,ignored|risk,0,0
4988,ignored|runs,0,0
4989,ignored|secrets,0,0
4990,ignored|separates,0,0
4991,ignored|snapshot,0,0
4992,ignored|source,0,0
4993,ignored|src,0,0
4994,ignored|standards,0,0
4995,ignored|states,0,0
4996,ignored|structure,0,0
4997,ignored|supports,0,0
4998,ignored|system,0,0
4999,ignored|tasks,0,0
5000,ignored|terms,0,0
5001,ignored|test,0,0
5002,ignored|tests,0,0
5003,ignored|toml,0,0
5004,ignored|tools,0,0
5005,ignored|tracked,0,0
5006,ignored|tracks,0,0
5007,ignored|usability,0,0
5008,ignored|verifies,0,0
5009,ignored|version,0,0
5010,ignored|virtual,0,0
5011,ignored|with,0,0
5012,ignored|work,0,0
5013,ignored|workflow,0,0
5014,improves|a,0,0
5015,improves|and,0,0
5016,improves|authors,0,0
5017,improves|automates,0,0
5018,improves|behavior,0,0
5019,improves|branch,0,0
5020,improves|changes,0,0
5021,improves|checks,0,0
5022,improves|code,0,0
5023,improves|collaboration,0,0
5024,improves|collection,0,0
5025,improves|commit,0,0
5026,improves|committing,0,0
5027,improves|configures,0,0
5028,improves|conflicts,0,0
5029,improves|consistency,0,0
5030,improves|contains,0,0
5031,improves|continuous,0,0
5032,improves|control,0,0
5033,improves|controls,0,0
5034,improves|data,0,0
5035,improves|defines,0,0
5036,improves|dependencies,0,0
5037,improves|describes,0,0
5038,improves|detects,0,0
5039,improves|docs,0,0
5040,improves|documentation,0,0
5041,improves|documents,0,0
5042,improves|enables,0,0
5043,improves|endings,0,0
5044,improves|enforces,0,0
5045,improves|ensures,0,0
5046,improves|environment,0,0
5047,improves|errors,0,0
5048,improves|events,0,0
5049,improves|experimentation,0,0
5050,improves|explains,0,0
5051,improves|file,0,0
5052,improves|files,0,0
5053,improves|folder,0,0
5054,improves|from,0,0
5055,improves|git,0,0
5056,improves|gitattributes,0,0
5057,improves|gitignore,0,0
5058,improves|history,0,0
5059,improves|ignored,0,0
5060,improves|improves,0,0
5061,improves|includes,0,0
5062,improves|instructions,0,0
5063,improves|integration,0,0
5064,improves|intent,0,0
5065,improves|is,0,0
5066,improves|isolates,0,0
5067,improves|license,0,0
5068,improves|line,0,0
5069,improves|lists,0,0
5070,improves|message,0,0
5071,improves|mkdocs,0,0
5072,improves|noise,0,0
5073,improves|of,0,0
5074,improves|on,0,0
5075,improves|permissions,0,0
5076,improves|portability,4.3188,-0.0400
5077,improves|prevents,0,0
5078,improves|project,0,0
5079,improves|proposes,0,0
5080,improves|protects,0,0
5081,improves|provides,0,0
5082,improves|pull,0,0
5083,improves|purpose,0,0
5084,improves|pyproject,0,0
5085,improves|quality,-0.0400,-0.0400
5086,improves|readme,0,0
5087,improves|records,0,0
5088,improves|reduces,0,0
5089,improves|refactoring,0,0
5090,improves|reliability,0,0
5091,improves|repository,0,0
5092,improves|reproducibility,0,0
5093,improves|request,0,0
5094,improves|reuse,0,0
5095,improves|review,0,0
5096,improves|risk,0,0
5097,improves|runs,0,0
5098,improves|secrets,0,0
5099,improves|separates,0,0
5100,improves|snapshot,0,0
5101,improves|source,0,0
5102,improves|src,0,0
5103,improves|standards,0,0
5104,improves|states,0,0
5105,improves|structure,4.3188,-0.0400
5106,improves|supports,0,0
5107,improves|system,0,0
5108,improves|tasks,0,0
5109,improves|terms,0,0
5110,improves|test,0,0
5111,improves|tests,0,0
5112,improves|toml,0,0
5113,improves|tools,0,0
5114,improves|tracked,0,0
5115,improves|tracks,0,0
5116,improves|usability,4.3188,-0.0400
5117,improves|verifies,0,0
5118,improves|version,0,0
5119,improves|virtual,0,0
5120,improves|with,0,0
5121,improves|work,0,0
5122,improves|workflow,0,0
5123,includes|a,-0.0400,-0.0400
5124,includes|and,0,0
5125,includes|authors,0,0
5126,includes|automates,0,0
5127,includes|behavior,0,0
5128,includes|branch,0,0
5129,includes|changes,0,0
5130,includes|checks,0,0
5131,includes|code,0,0
5132,includes|collaboration,0,0
5133,includes|collection,0,0
5134,includes|commit,0,0
5135,includes|committing,0,0
5136,includes|configures,0,0
5137,includes|conflicts,0,0
5138,includes|consistency,0,0
5139,includes|contains,0,0
5140,includes|continuous,0,0
5141,includes|control,0,0
5142,includes|controls,0,0
5143,includes|data,0,0
5144,includes|defines,0,0
5145,includes|dependencies,0,0
5146,includes|describes,0,0
5147,includes|detects,0,0
5148,includes|docs,0,0
5149,includes|documentation,0,0
5150,includes|documents,0,0
5151,includes|enables,0,0
5152,includes|endings,0,0
5153,includes|enforces,0,0
5154,includes|ensures,0,0
5155,includes|environment,0,0
5156,includes|errors,0,0
5157,includes|events,0,0
5158,includes|experimentation,0,0
5159,includes|explains,0,0
5160,includes|file,0,0
5161,includes|files,0,0
5162,includes|folder,0,0
5163,includes|from,0,0
5164,includes|git,0,0
5165,includes|gitattributes,0,0
5166,includes|gitignore,0,0
5167,includes|history,0,0
5168,includes|ignored,0,0
5169,includes|improves,0,0
5170,includes|includes,0,0
5171,includes|instructions,0,0
5172,includes|integration,0,0
5173,includes|intent,0,0
5174,includes|is,0,0
5175,includes|isolates,0,0
5176,includes|license,0,0
5177,includes|line,0,0
5178,includes|lists,0,0
5179,includes|message,0,0
5180,includes|mkdocs,0,0
5181,includes|noise,0,0
5182,includes|of,0,0
5183,includes|on,0,0
5184,includes|permissions,0,0
5185,includes|portability,0,0
5186,includes|prevents,0,0
5187,includes|project,0,0
5188,includes|proposes,0,0
5189,includes|protects,0,0
5190,includes|provides,0,0
5191,includes|pull,0,0
5192,includes|purpose,0,0
5193,includes|pyproject,0,0
5194,includes|quality,0,0
5195,includes|readme,0,0
5196,includes|records,0,0
5197,includes|reduces,0,0
5198,includes|refactoring,0,0
5199,includes|reliability,0,0
5200,includes|repository,0,0
5201,includes|reproducibility,0,0
5202,includes|request,0,0
5203,includes|reuse,0,0
5204,includes|review,0,0
5205,includes|risk,0,0
5206,includes|runs,0,0
5207,includes|secrets,0,0
5208,includes|separates,0,0
5209,includes|snapshot,0,0
5210,includes|source,0,0
5211,includes|src,0,0
5212,includes|standards,0,0
5213,includes|states,0,0
5214,includes|structure,0,0
5215,includes|supports,0,0
5216,includes|system,0,0
5217,includes|tasks,0,0
5218,includes|terms,0,0
5219,includes|test,0,0
5220,includes|tests,0,0
5221,includes|toml,0,0
5222,includes|tools,0,0
5223,includes|tracked,0,0
5224,includes|tracks,0,0
5225,includes|usability,0,0
5226,includes|verifies,0,0
5227,includes|version,0,0
5228,includes|virtual,0,0
5229,includes|with,0,0
5230,includes|work,0,0
5231,includes|workflow,0,0
5232,instructions|a,-0.0400,-0.0400
5233,instructions|and,0,0
5234,instructions|authors,0,0
5235,instructions|automates,0,0
5236,instructions|behavior,0,0
5237,instructions|branch,0,0
5238,instructions|changes,0,0
5239,instructions|checks,0,0
5240,instructions|code,0,0
5241,instructions|collaboration,0,0
5242,instructions|collection,0,0
5243,instructions|commit,0,0
5244,instructions|committing,0,0
5245,instructions|configures,0,0
5246,instructions|conflicts,0,0
5247,instructions|consistency,0,0
5248,instructions|contains,0,0
5249,instructions|continuous,0,0
5250,instructions|control,0,0
5251,instructions|controls,0,0
5252,instructions|data,0,0
5253,instructions|defines,0,0
5254,instructions|dependencies,0,0
5255,instructions|describes,0,0
5256,instructions|detects,0,0
5257,instructions|docs,0,0
5258,instructions|documentation,0,0
5259,instructions|documents,0,0
5260,instructions|enables,0,0
5261,instructions|endings,0,0
5262,instructions|enforces,0,0
5263,instructions|ensures,0,0
5264,instructions|environment,0,0
5265,instructions|errors,0,0
5266,instructions|events,0,0
5267,instructions|experimentation,0,0
5268,instructions|explains,0,0
5269,instructions|file,0,0
5270,instructions|files,0,0
5271,instructions|folder,0,0
5272,instructions|from,0,0
5273,instructions|git,0,0
5274,instructions|gitattributes,0,0
5275,instructions|gitignore,0,0
5276,instructions|history,0,0
5277,instructions|ignored,0,0
5278,instructions|improves,0,0
5279,instructions|includes,0,0
5280,instructions|instructions,0,0
5281,instructions|integration,0,0
5282,instructions|intent,0,0
5283,instructions|is,0,0
5284,instructions|isolates,0,0
5285,instructions|license,0,0
5286,instructions|line,0,0
5287,instructions|lists,0,0
5288,instructions|message,0,0
5289,instructions|mkdocs,0,0
5290,instructions|noise,0,0
5291,instructions|of,0,0
5292,instructions|on,0,0
5293,instructions|permissions,0,0
5294,instructions|portability,0,0
5295,instructions|prevents,0,0
5296,instructions|project,0,0
5297,instructions|proposes,0,0
5298,instructions|protects,0,0
5299,instructions|provides,0,0
5300,instructions|pull,0,0
5301,instructions|purpose,0,0
5302,instructions|pyproject,0,0
5303,instructions|quality,0,0
5304,instructions|readme,0,0
5305,instructions|records,0,0
5306,instructions|reduces,0,0
5307,instructions|refactoring,0,0
5308,instructions|reliability,0,0
5309,instructions|repository,0,0
5310,instructions|reproducibility,0,0
5311,instructions|request,0,0
5312,instructions|reuse,0,0
5313,instructions|review,0,0
5314,instructions|risk,0,0
5315,instructions|runs,0,0
5316,instructions|secrets,0,0
5317,instructions|separates,0,0
5318,instructions|snapshot,0,0
5319,instructions|source,0,0
5320,instructions|src,0,0
5321,instructions|standards,0,0
5322,instructions|states,0,0
5323,instructions|structure,0,0
5324,instructions|supports,0,0
5325,instructions|system,0,0
5326,instructions|tasks,0,0
5327,instructions|terms,0,0
5328,instructions|test,0,0
5329,instructions|tests,0,0
5330,instructions|toml,0,0
5331,instructions|tools,0,0
5332,instructions|tracked,0,0
5333,instructions|tracks,0,0
5334,instructions|usability,0,0
5335,instructions|verifies,0,0
5336,instructions|version,0,0
5337,instructions|virtual,0,0
5338,instructions|with,0,0
5339,instructions|work,0,0
5340,instructions|workflow,0,0
5341,integration|a,0,0
5342,integration|and,0,0
5343,integration|authors,0,0
5344,integration|automates,0,0
5345,integration|behavior,0,0
5346,integration|branch,0,0
5347,integration|changes,0,0
5348,integration|checks,0,0
5349,integration|code,0,0
5350,integration|collaboration,0,0
5351,integration|collection,0,0
5352,integration|commit,0,0
5353,integration|committing,0,0
5354,integration|configures,0,0
5355,integration|conflicts,0,0
5356,integration|consistency,0,0
5357,integration|contains,0,0
5358,integration|continuous,0,0
5359,integration|control,0,0
5360,integration|controls,0,0
5361,integration|data,0,0
5362,integration|defines,0,0
5363,integration|dependencies,0,0
5364,integration|describes,0,0
5365,integration|detects,-0.0400,-0.0400
5366,integration|docs,0,0
5367,integration|documentation,0,0
5368,integration|documents,0,0
5369,integration|enables,0,0
5370,integration|endings,0,0
5371,integration|enforces,-0.0400,-0.0400
5372,integration|ensures,0,0
5373,integration|environment,0,0
5374,integration|errors,0,0
5375,integration|events,0,0
5376,integration|experimentation,0,0
5377,integration|explains,0,0
5378,integration|file,0,0
5379,integration|files,0,0
5380,integration|folder,0,0
5381,integration|from,0,0
5382,integration|git,0,0
5383,integration|gitattributes,0,0
5384,integration|gitignore,0,0
5385,integration|history,0,0
5386,integration|ignored,0,0
5387,integration|improves,0,0
5388,integration|includes,0,0
5389,integration|instructions,0,0
5390,integration|integration,0,0
5391,integration|intent,0,0
5392,integration|is,0,0
5393,integration|isolates,0,0
5394,integration|license,0,0
5395,integration|line,0,0
5396,integration|lists,0,0
5397,integration|message,0,0
5398,integration|mkdocs,0,0
5399,integration|noise,0,0
5400,integration|of,0,0
5401,integration|on,0,0
5402,integration|permissions,0,0
5403,integration|portability,0,0
5404,integration|prevents,0,0
5405,integration|project,0,0
5406,integration|proposes,0,0
5407,integration|protects,0,0
5408,integration|provides,0,0
5409,integration|pull,0,0
5410,integration|purpose,0,0
5411,integration|pyproject,0,0
5412,integration|quality,0,0
5413,integration|readme,0,0
5414,integration|records,0,0
5415,integration|reduces,0,0
5416,integration|refactoring,0,0
5417,integration|reliability,0,0
5418,integration|repository,0,0
5419,integration|reproducibility,0,0
5420,integration|request,0,0
5421,integration|reuse,0,0
5422,integration|review,0,0
5423,integration|risk,0,0
5424,integration|runs,-0.0400,-0.0400
5425,integration|secrets,0,0
5426,integration|separates,0,0
5427,integration|snapshot,0,0
5428,integration|source,0,0
5429,integration|src,0,0
5430,integration|standards,0,0
5431,integration|states,0,0
5432,integration|structure,0,0
5433,integration|supports,0,0
5434,integration|system,0,0
5435,integration|tasks,0,0
5436,integration|terms,0,0
5437,integration|test,0,0
5438,integration|tests,0,0
5439,integration|toml,0,0
5440,integration|tools,0,0
5441,integration|tracked,0,0
5442,integration|tracks,0,0
5443,integration|usability,0,0
5444,integration|verifies,0,0
5445,integration|version,0,0
5446,integration|virtual,0,0
5447,integration|with,0,0
5448,integration|work,0,0
5449,integration|workflow,0,0
5450,intent|a,-0.0400,-0.0400
5451,intent|and,0,0
5452,intent|authors,0,0
5453,intent|automates,0,0
5454,intent|behavior,0,0
5455,intent|branch,0,0
5456,intent|changes,0,0
5457,intent|checks,0,0
5458,intent|code,0,0
5459,intent|collaboration,0,0
5460,intent|collection,0,0
5461,intent|commit,0,0
5462,intent|committing,0,0
5463,intent|configures,0,0
5464,intent|conflicts,0,0
5465,intent|consistency,0,0
5466,intent|contains,0,0
5467,intent|continuous,0,0
5468,intent|control,0,0
5469,intent|controls,0,0
5470,intent|data,0,0
5471,intent|defines,0,0
5472,intent|dependencies,0,0
5473,intent|describes,0,0
5474,intent|detects,0,0
5475,intent|docs,0,0
5476,intent|documentation,0,0
5477,intent|documents,0,0
5478,intent|enables,0,0
5479,intent|endings,0,0
5480,intent|enforces,0,0
5481,intent|ensures,0,0
5482,intent|environment,0,0
5483,intent|errors,0,0
5484,intent|events,0,0
5485,intent|experimentation,0,0
5486,intent|explains,0,0
5487,intent|file,0,0
5488,intent|files,0,0
5489,intent|folder,0,0
5490,intent|from,0,0
5491,intent|git,0,0
5492,intent|gitattributes,0,0
5493,intent|gitignore,0,0
5494,intent|history,0,0
5495,intent|ignored,0,0
5496,intent|improves,0,0
5497,intent|includes,0,0
5498,intent|instructions,0,0
5499,intent|integration,0,0
5500,intent|intent,0,0
5501,intent|is,0,0
5502,intent|isolates,0,0
5503,intent|license,0,0
5504,intent|line,0,0
5505,intent|lists,0,0
5506,intent|message,0,0
5507,intent|mkdocs,0,0
5508,intent|noise,0,0
5509,intent|of,0,0
5510,intent|on,0,0
5511,intent|permissions,0,0
5512,intent|portability,0,0
5513,intent|prevents,0,0
5514,intent|project,0,0
5515,intent|proposes,0,0
5516,intent|protects,0,0
5517,intent|provides,0,0
5518,intent|pull,0,0
5519,intent|purpose,0,0
5520,intent|pyproject,0,0
5521,intent|quality,0,0
5522,intent|readme,0,0
5523,intent|records,0,0
5524,intent|reduces,0,0
5525,intent|refactoring,0,0
5526,intent|reliability,0,0
5527,intent|repository,0,0
5528,intent|reproducibility,0,0
5529,intent|request,0,0
5530,intent|reuse,0,0
5531,intent|review,0,0
5532,intent|risk,0,0
5533,intent|runs,0,0
5534,intent|secrets,0,0
5535,intent|separates,0,0
5536,intent|snapshot,0,0
5537,intent|source,0,0
5538,intent|src,0,0
5539,intent|standards,0,0
5540,intent|states,0,0
5541,intent|structure,0,0
5542,intent|supports,0,0
5543,intent|system,0,0
5544,intent|tasks,0,0
5545,intent|terms,0,0
5546,intent|test,0,0
5547,intent|tests,0,0
5548,intent|toml,0,0
5549,intent|tools,0,0
5550,intent|tracked,0,0
5551,intent|tracks,0,0
5552,intent|usability,0,0
5553,intent|verifies,0,0
5554,intent|version,0,0
5555,intent|virtual,0,0
5556,intent|with,0,0
5557,intent|work,0,0
5558,intent|workflow,0,0
5559,is|a,-0.0400,-0.0400
5560,is|and,0,0
5561,is|authors,0,0
5562,is|automates,0,0
5563,is|behavior,0,0
5564,is|branch,0,0
5565,is|changes,0,0
5566,is|checks,0,0
5567,is|code,0,0
5568,is|collaboration,0,0
5569,is|collection,0,0
5570,is|commit,0,0
5571,is|committing,0,0
5572,is|configures,0,0
5573,is|conflicts,0,0
5574,is|consistency,0,0
5575,is|contains,0,0
5576,is|continuous,0,0
5577,is|control,0,0
5578,is|controls,0,0
5579,is|data,0,0
5580,is|defines,0,0
5581,is|dependencies,0,0
5582,is|describes,0,0
5583,is|detects,0,0
5584,is|docs,0,0
5585,is|documentation,0,0
5586,is|documents,0,0
5587,is|enables,0,0
5588,is|endings,0,0
5589,is|enforces,0,0
5590,is|ensures,0,0
5591,is|environment,0,0
5592,is|errors,0,0
5593,is|events,0,0
5594,is|experimentation,0,0
5595,is|explains,0,0
5596,is|file,0,0
5597,is|files,0,0
5598,is|folder,0,0
5599,is|from,0,0
5600,is|git,0,0
5601,is|gitattributes,0,0
5602,is|gitignore,0,0
5603,is|history,0,0
5604,is|ignored,0,0
5605,is|improves,0,0
5606,is|includes,0,0
5607,is|instructions,0,0
5608,is|integration,0,0
5609,is|intent,0,0
5610,is|is,0,0
5611,is|isolates,0,0
5612,is|license,0,0
5613,is|line,0,0
5614,is|lists,0,0
5615,is|message,0,0
5616,is|mkdocs,0,0
5617,is|noise,0,0
5618,is|of,0,0
5619,is|on,0,0
5620,is|permissions,0,0
5621,is|portability,0,0
5622,is|prevents,0,0
5623,is|project,0,0
5624,is|proposes,0,0
5625,is|protects,0,0
5626,is|provides,0,0
5627,is|pull,0,0
5628,is|purpose,0,0
5629,is|pyproject,0,0
5630,is|quality,0,0
5631,is|readme,0,0
5632,is|records,0,0
5633,is|reduces,0,0
5634,is|refactoring,0,0
5635,is|reliability,0,0
5636,is|repository,0,0
5637,is|reproducibility,0,0
5638,is|request,0,0
5639,is|reuse,0,0
5640,is|review,0,0
5641,is|risk,0,0
5642,is|runs,0,0
5643,is|secrets,0,0
5644,is|separates,0,0
5645,is|snapshot,0,0
5646,is|source,0,0
5647,is|src,0,0
5648,is|standards,0,0
5649,is|states,0,0
5650,is|structure,0,0
5651,is|supports,0,0
5652,is|system,0,0
5653,is|tasks,0,0
5654,is|terms,0,0
5655,is|test,0,0
5656,is|tests,0,0
5657,is|toml,0,0
5658,is|tools,0,0
5659,is|tracked,-0.0400,-0.0400
5660,is|tracks,0,0
5661,is|usability,0,0
5662,is|verifies,0,0
5663,is|version,0,0
5664,is|virtual,0,0
5665,is|with,0,0
5666,is|work,0,0
5667,is|workflow,0,0
5668,isolates|a,0,0
5669,isolates|and,0,0
5670,isolates|authors,0,0
5671,isolates|automates,0,0
5672,isolates|behavior,0,0
5673,isolates|branch,0,0
5674,isolates|changes,0,0
5675,isolates|checks,0,0
5676,isolates|code,0,0
5677,isolates|collaboration,0,0
5678,isolates|collection,0,0
5679,isolates|commit,0,0
5680,isolates|committing,0,0
5681,isolates|configures,0,0
5682,isolates|conflicts,0,0
5683,isolates|consistency,0,0
5684,isolates|contains,0,0
5685,isolates|continuous,0,0
5686,isolates|control,0,0
5687,isolates|controls,0,0
5688,isolates|data,0,0
5689,isolates|defines,0,0
5690,isolates|dependencies,4.3188,-0.0400
5691,isolates|describes,0,0
5692,isolates|detects,0,0
5693,isolates|docs,0,0
5694,isolates|documentation,0,0
5695,isolates|documents,0,0
5696,isolates|enables,0,0
5697,isolates|endings,0,0
5698,isolates|enforces,0,0
5699,isolates|ensures,0,0
5700,isolates|environment,0,0
5701,isolates|errors,0,0
5702,isolates|events,0,0
5703,isolates|experimentation,0,0
5704,isolates|explains,0,0
5705,isolates|file,0,0
5706,isolates|files,0,0
5707,isolates|folder,0,0
5708,isolates|from,0,0
5709,isolates|git,0,0
5710,isolates|gitattributes,0,0
5711,isolates|gitignore,0,0
5712,isolates|history,0,0
5713,isolates|ignored,0,0
5714,isolates|improves,0,0
5715,isolates|includes,0,0
5716,isolates|instructions,0,0
5717,isolates|integration,0,0
5718,isolates|intent,0,0
5719,isolates|is,0,0
5720,isolates|isolates,0,0
5721,isolates|license,0,0
5722,isolates|line,0,0
5723,isolates|lists,0,0
5724,isolates|message,0,0
5725,isolates|mkdocs,0,0
5726,isolates|noise,0,0
5727,isolates|of,0,0
5728,isolates|on,0,0
5729,isolates|permissions,0,0
5730,isolates|portability,0,0
5731,isolates|prevents,0,0
5732,isolates|project,0,0
5733,isolates|proposes,0,0
5734,isolates|protects,0,0
5735,isolates|provides,0,0
5736,isolates|pull,0,0
5737,isolates|purpose,0,0
5738,isolates|pyproject,0,0
5739,isolates|quality,0,0
5740,isolates|readme,0,0
5741,isolates|records,0,0
5742,isolates|reduces,0,0
5743,isolates|refactoring,0,0
5744,isolates|reliability,0,0
5745,isolates|repository,0,0
5746,isolates|reproducibility,0,0
5747,isolates|request,0,0
5748,isolates|reuse,0,0
5749,isolates|review,0,0
5750,isolates|risk,0,0
5751,isolates|runs,0,0
5752,isolates|secrets,0,0
5753,isolates|separates,0,0
5754,isolates|snapshot,0,0
5755,isolates|source,0,0
5756,isolates|src,0,0
5757,isolates|standards,0,0
5758,isolates|states,0,0
5759,isolates|structure,0,0
5760,isolates|supports,0,0
5761,isolates|system,0,0
5762,isolates|tasks,0,0
5763,isolates|terms,0,0
5764,isolates|test,0,0
5765,isolates|tests,0,0
5766,isolates|toml,0,0
5767,isolates|tools,0,0
5768,isolates|tracked,0,0
5769,isolates|tracks,0,0
5770,isolates|usability,0,0
5771,isolates|verifies,0,0
5772,isolates|version,0,0
5773,isolates|virtual,0,0
5774,isolates|with,0,0
5775,isolates|work,4.3188,-0.0400
5776,isolates|workflow,0,0
5777,license|a,0,0
5778,license|and,0,0
5779,license|authors,0,0
5780,license|automates,0,0
5781,license|behavior,0,0
5782,license|branch,0,0
5783,license|changes,0,0
5784,license|checks,0,0
5785,license|code,0,0
5786,license|collaboration,0,0
5787,license|collection,0,0
5788,license|commit,0,0
5789,license|committing,0,0
5790,license|configures,0,0
5791,license|conflicts,0,0
5792,license|consistency,0,0
5793,license|contains,0,0
5794,license|continuous,0,0
5795,license|control,0,0
5796,license|controls,0,0
5797,license|data,0,0
5798,license|defines,0,0
5799,license|dependencies,0,0
5800,license|describes,0,0
5801,license|detects,0,0
5802,license|docs,0,0
5803,license|documentation,0,0
5804,license|documents,0,0
5805,license|enables,0,0
5806,license|endings,0,0
5807,license|enforces,0,0
5808,license|ensures,0,0
5809,license|environment,0,0
5810,license|errors,0,0
5811,license|events,0,0
5812,license|experimentation,0,0
5813,license|explains,0,0
5814,license|file,-0.1060,-0.1060
5815,license|files,0,0
5816,license|folder,0,0
5817,license|from,0,0
5818,license|git,0,0
5819,license|gitattributes,0,0
5820,license|gitignore,0,0
5821,license|history,0,0
5822,license|ignored,0,0
5823,license|improves,0,0
5824,license|includes,0,0
5825,license|instructions,0,0
5826,license|integration,0,0
5827,license|intent,0,0
5828,license|is,0,0
5829,license|isolates,0,0
5830,license|license,0,0
5831,license|line,0,0
5832,license|lists,0,0
5833,license|message,0,0
5834,license|mkdocs,0,0
5835,license|noise,0,0
5836,license|of,0,0
5837,license|on,0,0
5838,license|permissions,0,0
5839,license|portability,0,0
5840,license|prevents,0,0
5841,license|project,0,0
5842,license|proposes,0,0
5843,license|protects,0,0
5844,license|provides,0,0
5845,license|pull,0,0
5846,license|purpose,0,0
5847,license|pyproject,0,0
5848,license|quality,0,0
5849,license|readme,0,0
5850,license|records,0,0
5851,license|reduces,0,0
5852,license|refactoring,0,0
5853,license|reliability,0,0
5854,license|repository,0,0
5855,license|reproducibility,0,0
5856,license|request,0,0
5857,license|reuse,0,0
5858,license|review,0,0
5859,license|risk,0,0
5860,license|runs,0,0
5861,license|secrets,0,0
5862,license|separates,0,0
5863,license|snapshot,0,0
5864,license|source,0,0
5865,license|src,0,0
5866,license|standards,0,0
5867,license|states,0,0
5868,license|structure,0,0
5869,license|supports,0,0
5870,license|system,0,0
5871,license|tasks,0,0
5872,license|terms,0,0
5873,license|test,0,0
5874,license|tests,0,0
5875,license|toml,0,0
5876,license|tools,0,0
5877,license|tracked,0,0
5878,license|tracks,0,0
5879,license|usability,0,0
5880,license|verifies,0,0
5881,license|version,0,0
5882,license|virtual,0,0
5883,license|with,0,0
5884,license|work,0,0
5885,license|workflow,0,0
5886,line|a,0,0
5887,line|and,0,0
5888,line|authors,0,0
5889,line|automates,0,0
5890,line|behavior,0,0
5891,line|branch,0,0
5892,line|changes,0,0
5893,line|checks,0,0
5894,line|code,0,0
5895,line|collaboration,0,0
5896,line|collection,0,0
5897,line|commit,0,0
5898,line|committing,0,0
5899,line|configures,0,0
5900,line|conflicts,0,0
5901,line|consistency,0,0
5902,line|contains,0,0
5903,line|continuous,0,0
5904,line|control,0,0
5905,line|controls,0,0
5906,line|data,0,0
5907,line|defines,0,0
5908,line|dependencies,0,0
5909,line|describes,0,0
5910,line|detects,0,0
5911,line|docs,0,0
5912,line|documentation,0,0
5913,line|documents,0,0
5914,line|enables,0,0
5915,line|endings,4.3188,-0.0400
5916,line|enforces,0,0
5917,line|ensures,0,0
5918,line|environment,0,0
5919,line|errors,0,0
5920,line|events,0,0
5921,line|experimentation,0,0
5922,line|explains,0,0
5923,line|file,0,0
5924,line|files,0,0
5925,line|folder,0,0
5926,line|from,0,0
5927,line|git,0,0
5928,line|gitattributes,0,0
5929,line|gitignore,0,0
5930,line|history,0,0
5931,line|ignored,0,0
5932,line|improves,0,0
5933,line|includes,0,0
5934,line|instructions,0,0
5935,line|integration,0,0
5936,line|intent,0,0
5937,line|is,0,0
5938,line|isolates,0,0
5939,line|license,0,0
5940,line|line,0,0
5941,line|lists,0,0
5942,line|message,0,0
5943,line|mkdocs,0,0
5944,line|noise,0,0
5945,line|of,0,0
5946,line|on,0,0
5947,line|permissions,0,0
5948,line|portability,0,0
5949,line|prevents,0,0
5950,line|project,0,0
5951,line|proposes,0,0
5952,line|protects,0,0
5953,line|provides,0,0
5954,line|pull,0,0
5955,line|purpose,0,0
5956,line|pyproject,0,0
5957,line|quality,0,0
5958,line|readme,0,0
5959,line|records,0,0
5960,line|reduces,0,0
5961,line|refactoring,0,0
5962,line|reliability,0,0
5963,line|repository,0,0
5964,line|reproducibility,0,0
5965,line|request,0,0
5966,line|reuse,0,0
5967,line|review,0,0
5968,line|risk,0,0
5969,line|runs,0,0
5970,line|secrets,0,0
5971,line|separates,0,0
5972,line|snapshot,0,0
5973,line|source,0,0
5974,line|src,0,0
5975,line|standards,0,0
5976,line|states,0,0
5977,line|structure,0,0
5978,line|supports,0,0
5979,line|system,0,0
5980,line|tasks,0,0
5981,line|terms,0,0
5982,line|test,0,0
5983,line|tests,0,0
5984,line|toml,0,0
5985,line|tools,0,0
5986,line|tracked,0,0
5987,line|tracks,0,0
5988,line|usability,0,0
5989,line|verifies,0,0
5990,line|version,0,0
5991,line|virtual,0,0
5992,line|with,0,0
5993,line|work,0,0
5994,line|workflow,0,0
5995,lists|a,0,0
5996,lists|and,0,0
5997,lists|authors,0,0
5998,lists|automates,0,0
5999,lists|behavior,0,0
6000,lists|branch,0,0
6001,lists|changes,0,0
6002,lists|checks,0,0
6003,lists|code,0,0
6004,lists|collaboration,0,0
6005,lists|collection,0,0
6006,lists|commit,0,0
6007,lists|committing,0,0
6008,lists|configures,0,0
6009,lists|conflicts,0,0
6010,lists|consistency,0,0
6011,lists|contains,0,0
6012,lists|continuous,0,0
6013,lists|control,0,0
6014,lists|controls,0,0
6015,lists|data,0,0
6016,lists|defines,0,0
6017,lists|dependencies,0,0
6018,lists|describes,0,0
6019,lists|detects,0,0
6020,lists|docs,0,0
6021,lists|documentation,0,0
6022,lists|documents,0,0
6023,lists|enables,0,0
6024,lists|endings,0,0
6025,lists|enforces,0,0
6026,lists|ensures,0,0
6027,lists|environment,0,0
6028,lists|errors,0,0
6029,lists|events,0,0
6030,lists|experimentation,0,0
6031,lists|explains,0,0
6032,lists|file,0,0
6033,lists|files,0,0
6034,lists|folder,0,0
6035,lists|from,0,0
6036,lists|git,0,0
6037,lists|gitattributes,0,0
6038,lists|gitignore,0,0
6039,lists|history,0,0
6040,lists|ignored,-0.0400,-0.0400
6041,lists|improves,0,0
6042,lists|includes,0,0
6043,lists|instructions,0,0
6044,lists|integration,0,0
6045,lists|intent,0,0
6046,lists|is,0,0
6047,lists|isolates,0,0
6048,lists|license,0,0
6049,lists|line,0,0
6050,lists|lists,0,0
6051,lists|message,0,0
6052,lists|mkdocs,0,0
6053,lists|noise,0,0
6054,lists|of,0,0
6055,lists|on,0,0
6056,lists|permissions,0,0
6057,lists|portability,0,0
6058,lists|prevents,0,0
6059,lists|project,0,0
6060,lists|proposes,0,0
6061,lists|protects,0,0
6062,lists|provides,0,0
6063,lists|pull,0,0
6064,lists|purpose,0,0
6065,lists|pyproject,0,0
6066,lists|quality,0,0
6067,lists|readme,0,0
6068,lists|records,0,0
6069,lists|reduces,0,0
6070,lists|refactoring,0,0
6071,lists|reliability,0,0
6072,lists|repository,0,0
6073,lists|reproducibility,0,0
6074,lists|request,0,0
6075,lists|reuse,0,0
6076,lists|review,0,0
6077,lists|risk,0,0
6078,lists|runs,0,0
6079,lists|secrets,0,0
6080,lists|separates,0,0
6081,lists|snapshot,0,0
6082,lists|source,0,0
6083,lists|src,0,0
6084,lists|standards,0,0
6085,lists|states,0,0
6086,lists|structure,0,0
6087,lists|supports,0,0
6088,lists|system,0,0
6089,lists|tasks,0,0
6090,lists|terms,0,0
6091,lists|test,0,0
6092,lists|tests,0,0
6093,lists|toml,0,0
6094,lists|tools,0,0
6095,lists|tracked,0,0
6096,lists|tracks,0,0
6097,lists|usability,0,0
6098,lists|verifies,0,0
6099,lists|version,0,0
6100,lists|virtual,0,0
6101,lists|with,0,0
6102,lists|work,0,0
6103,lists|workflow,0,0
6104,message|a,-0.0400,-0.0400
6105,message|and,0,0
6106,message|authors,0,0
6107,message|automates,0,0
6108,message|behavior,0,0
6109,message|branch,0,0
6110,message|changes,0,0
6111,message|checks,0,0
6112,message|code,0,0
6113,message|collaboration,0,0
6114,message|collection,0,0
6115,message|commit,0,0
6116,message|committing,0,0
6117,message|configures,0,0
6118,message|conflicts,0,0
6119,message|consistency,0,0
6120,message|contains,0,0
6121,message|continuous,0,0
6122,message|control,0,0
6123,message|controls,0,0
6124,message|data,0,0
6125,message|defines,0,0
6126,message|dependencies,0,0
6127,message|describes,0,0
6128,message|detects,0,0
6129,message|docs,0,0
6130,message|documentation,0,0
6131,message|documents,0,0
6132,message|enables,0,0
6133,message|endings,0,0
6134,message|enforces,0,0
6135,message|ensures,0,0
6136,message|environment,0,0
6137,message|errors,0,0
6138,message|events,0,0
6139,message|experimentation,0,0
6140,message|explains,0,0
6141,message|file,0,0
6142,message|files,0,0
6143,message|folder,0,0
6144,message|from,0,0
6145,message|git,0,0
6146,message|gitattributes,0,0
6147,message|gitignore,0,0
6148,message|history,0,0
6149,message|ignored,0,0
6150,message|improves,0,0
6151,message|includes,0,0
6152,message|instructions,0,0
6153,message|integration,0,0
6154,message|intent,0,0
6155,message|is,0,0
6156,message|isolates,0,0
6157,message|license,0,0
6158,message|line,0,0
6159,message|lists,0,0
6160,message|message,0,0
6161,message|mkdocs,0,0
6162,message|noise,0,0
6163,message|of,0,0
6164,message|on,0,0
6165,message|permissions,0,0
6166,message|portability,0,0
6167,message|prevents,0,0
6168,message|project,0,0
6169,message|proposes,0,0
6170,message|protects,0,0
6171,message|provides,0,0
6172,message|pull,0,0
6173,message|purpose,0,0
6174,message|pyproject,0,0
6175,message|quality,0,0
6176,message|readme,0,0
6177,message|records,0,0
6178,message|reduces,0,0
6179,message|refactoring,0,0
6180,message|reliability,0,0
6181,message|repository,0,0
6182,message|reproducibility,0,0
6183,message|request,0,0
6184,message|reuse,0,0
6185,message|review,0,0
6186,message|risk,0,0
6187,message|runs,0,0
6188,message|secrets,0,0
6189,message|separates,0,0
6190,message|snapshot,0,0
6191,message|source,0,0
6192,message|src,0,0
6193,message|standards,0,0
6194,message|states,0,0
6195,message|structure,0,0
6196,message|supports,0,0
6197,message|system,0,0
6198,message|tasks,0,0
6199,message|terms,0,0
6200,message|test,0,0
6201,message|tests,0,0
6202,message|toml,0,0
6203,message|tools,0,0
6204,message|tracked,0,0
6205,message|tracks,0,0
6206,message|usability,0,0
6207,message|verifies,0,0
6208,message|version,0,0
6209,message|virtual,0,0
6210,message|with,0,0
6211,message|work,0,0
6212,message|workflow,0,0
6213,mkdocs|a,-0.0400,-0.0400
6214,mkdocs|and,0,0
6215,mkdocs|authors,0,0
6216,mkdocs|automates,0,0
6217,mkdocs|behavior,0,0
6218,mkdocs|branch,0,0
6219,mkdocs|changes,0,0
6220,mkdocs|checks,0,0
6221,mkdocs|code,0,0
6222,mkdocs|collaboration,0,0
6223,mkdocs|collection,0,0
6224,mkdocs|commit,0,0
6225,mkdocs|committing,0,0
6226,mkdocs|configures,0,0
6227,mkdocs|conflicts,0,0
6228,mkdocs|consistency,0,0
6229,mkdocs|contains,0,0
6230,mkdocs|continuous,0,0
6231,mkdocs|control,0,0
6232,mkdocs|controls,0,0
6233,mkdocs|data,0,0
6234,mkdocs|defines,0,0
6235,mkdocs|dependencies,0,0
6236,mkdocs|describes,0,0
6237,mkdocs|detects,0,0
6238,mkdocs|docs,0,0
6239,mkdocs|documentation,0,0
6240,mkdocs|documents,0,0
6241,mkdocs|enables,0,0
6242,mkdocs|endings,0,0
6243,mkdocs|enforces,0,0
6244,mkdocs|ensures,0,0
6245,mkdocs|environment,0,0
6246,mkdocs|errors,0,0
6247,mkdocs|events,0,0
6248,mkdocs|experimentation,0,0
6249,mkdocs|explains,0,0
6250,mkdocs|file,0,0
6251,mkdocs|files,0,0
6252,mkdocs|folder,0,0
6253,mkdocs|from,0,0
6254,mkdocs|git,0,0
6255,mkdocs|gitattributes,0,0
6256,mkdocs|gitignore,0,0
6257,mkdocs|history,0,0
6258,mkdocs|ignored,0,0
6259,mkdocs|improves,0,0
6260,mkdocs|includes,0,0
6261,mkdocs|instructions,0,0
6262,mkdocs|integration,0,0
6263,mkdocs|intent,0,0
6264,mkdocs|is,0,0
6265,mkdocs|isolates,0,0
6266,mkdocs|license,0,0
6267,mkdocs|line,0,0
6268,mkdocs|lists,0,0
6269,mkdocs|message,0,0
6270,mkdocs|mkdocs,0,0
6271,mkdocs|noise,0,0
6272,mkdocs|of,0,0
6273,mkdocs|on,0,0
6274,mkdocs|permissions,0,0
6275,mkdocs|portability,0,0
6276,mkdocs|prevents,0,0
6277,mkdocs|project,0,0
6278,mkdocs|proposes,0,0
6279,mkdocs|protects,0,0
6280,mkdocs|provides,0,0
6281,mkdocs|pull,0,0
6282,mkdocs|purpose,0,0
6283,mkdocs|pyproject,0,0
6284,mkdocs|quality,0,0
6285,mkdocs|readme,0,0
6286,mkdocs|records,0,0
6287,mkdocs|reduces,0,0
6288,mkdocs|refactoring,0,0
6289,mkdocs|reliability,0,0
6290,mkdocs|repository,0,0
6291,mkdocs|reproducibility,0,0
6292,mkdocs|request,0,0
6293,mkdocs|reuse,0,0
6294,mkdocs|review,0,0
6295,mkdocs|risk,0,0
6296,mkdocs|runs,0,0
6297,mkdocs|secrets,0,0
6298,mkdocs|separates,0,0
6299,mkdocs|snapshot,0,0
6300,mkdocs|source,0,0
6301,mkdocs|src,0,0
6302,mkdocs|standards,0,0
6303,mkdocs|states,0,0
6304,mkdocs|structure,0,0
6305,mkdocs|supports,0,0
6306,mkdocs|system,0,0
6307,mkdocs|tasks,0,0
6308,mkdocs|terms,0,0
6309,mkdocs|test,0,0
6310,mkdocs|tests,0,0
6311,mkdocs|toml,0,0
6312,mkdocs|tools,0,0
6313,mkdocs|tracked,0,0
6314,mkdocs|tracks,0,0
6315,mkdocs|usability,0,0
6316,mkdocs|verifies,0,0
6317,mkdocs|version,0,0
6318,mkdocs|virtual,0,0
6319,mkdocs|with,0,0
6320,mkdocs|work,0,0
6321,mkdocs|workflow,0,0
6322,noise|a,-0.0400,-0.0400
6323,noise|and,0,0
6324,noise|authors,0,0
6325,noise|automates,0,0
6326,noise|behavior,0,0
6327,noise|branch,0,0
6328,noise|changes,0,0
6329,noise|checks,0,0
6330,noise|code,0,0
6331,noise|collaboration,0,0
6332,noise|collection,0,0
6333,noise|commit,0,0
6334,noise|committing,0,0
6335,noise|configures,0,0
6336,noise|conflicts,0,0
6337,noise|consistency,0,0
6338,noise|contains,0,0
6339,noise|continuous,0,0
6340,noise|control,0,0
6341,noise|controls,0,0
6342,noise|data,0,0
6343,noise|defines,0,0
6344,noise|dependencies,0,0
6345,noise|describes,0,0
6346,noise|detects,0,0
6347,noise|docs,0,0
6348,noise|documentation,0,0
6349,noise|documents,0,0
6350,noise|enables,0,0
6351,noise|endings,0,0
6352,noise|enforces,0,0
6353,noise|ensures,0,0
6354,noise|environment,0,0
6355,noise|errors,0,0
6356,noise|events,0,0
6357,noise|experimentation,0,0
6358,noise|explains,0,0
6359,noise|file,0,0
6360,noise|files,0,0
6361,noise|folder,0,0
6362,noise|from,0,0
6363,noise|git,0,0
6364,noise|gitattributes,0,0
6365,noise|gitignore,0,0
6366,noise|history,0,0
6367,noise|ignored,0,0
6368,noise|improves,0,0
6369,noise|includes,0,0
6370,noise|instructions,0,0
6371,noise|integration,0,0
6372,noise|intent,0,0
6373,noise|is,0,0
6374,noise|isolates,0,0
6375,noise|license,0,0
6376,noise|line,0,0
6377,noise|lists,0,0
6378,noise|message,0,0
6379,noise|mkdocs,0,0
6380,noise|noise,0,0
6381,noise|of,0,0
6382,noise|on,0,0
6383,noise|permissions,0,0
6384,noise|portability,0,0
6385,noise|prevents,0,0
6386,noise|project,0,0
6387,noise|proposes,0,0
6388,noise|protects,0,0
6389,noise|provides,0,0
6390,noise|pull,0,0
6391,noise|purpose,0,0
6392,noise|pyproject,0,0
6393,noise|quality,0,0
6394,noise|readme,0,0
6395,noise|records,0,0
6396,noise|reduces,0,0
6397,noise|refactoring,0,0
6398,noise|reliability,0,0
6399,noise|repository,0,0
6400,noise|reproducibility,0,0
6401,noise|request,0,0
6402,noise|reuse,0,0
6403,noise|review,0,0
6404,noise|risk,0,0
6405,noise|runs,0,0
6406,noise|secrets,0,0
6407,noise|separates,0,0
6408,noise|snapshot,0,0
6409,noise|source,0,0
6410,noise|src,0,0
6411,noise|standards,0,0
6412,noise|states,0,0
6413,noise|structure,0,0
6414,noise|supports,0,0
6415,noise|system,0,0
6416,noise|tasks,0,0
6417,noise|terms,0,0
6418,noise|test,0,0
6419,noise|tests,0,0
6420,noise|toml,0,0
6421,noise|tools,0,0
6422,noise|tracked,0,0
6423,noise|tracks,0,0
6424,noise|usability,0,0
6425,noise|verifies,0,0
6426,noise|version,0,0
6427,noise|virtual,0,0
6428,noise|with,0,0
6429,noise|work,0,0
6430,noise|workflow,0,0
6431,of|a,0,0
6432,of|and,0,0
6433,of|authors,0,0
6434,of|automates,0,0
6435,of|behavior,0,0
6436,of|branch,0,0
6437,of|changes,0,0
6438,of|checks,0,0
6439,of|code,0,0
6440,of|collaboration,0,0
6441,of|collection,0,0
6442,of|commit,0,0
6443,of|committing,0,0
6444,of|configures,0,0
6445,of|conflicts,0,0
6446,of|consistency,0,0
6447,of|contains,0,0
6448,of|continuous,0,0
6449,of|control,0,0
6450,of|controls,0,0
6451,of|data,0,0
6452,of|defines,0,0
6453,of|dependencies,0,0
6454,of|describes,0,0
6455,of|detects,0,0
6456,of|docs,0,0
6457,of|documentation,0,0
6458,of|documents,0,0
6459,of|enables,0,0
6460,of|endings,0,0
6461,of|enforces,0,0
6462,of|ensures,0,0
6463,of|environment,0,0
6464,of|errors,0,0
6465,of|events,0,0
6466,of|experimentation,0,0
6467,of|explains,0,0
6468,of|file,0,0
6469,of|files,4.3188,-0.0400
6470,of|folder,0,0
6471,of|from,0,0
6472,of|git,0,0
6473,of|gitattributes,0,0
6474,of|gitignore,0,0
6475,of|history,0,0
6476,of|ignored,0,0
6477,of|improves,0,0
6478,of|includes,0,0
6479,of|instructions,0,0
6480,of|integration,0,0
6481,of|intent,0,0
6482,of|is,0,0
6483,of|isolates,0,0
6484,of|license,0,0
6485,of|line,0,0
6486,of|lists,0,0
6487,of|message,0,0
6488,of|mkdocs,0,0
6489,of|noise,0,0
6490,of|of,0,0
6491,of|on,0,0
6492,of|permissions,0,0
6493,of|portability,0,0
6494,of|prevents,0,0
6495,of|project,0,0
6496,of|proposes,0,0
6497,of|protects,0,0
6498,of|provides,0,0
6499,of|pull,0,0
6500,of|purpose,0,0
6501,of|pyproject,0,0
6502,of|quality,0,0
6503,of|readme,0,0
6504,of|records,0,0
6505,of|reduces,0,0
6506,of|refactoring,0,0
6507,of|reliability,0,0
6508,of|repository,0,0
6509,of|reproducibility,0,0
6510,of|request,0,0
6511,of|reuse,0,0
6512,of|review,0,0
6513,of|risk,0,0
6514,of|runs,0,0
6515,of|secrets,0,0
6516,of|separates,0,0
6517,of|snapshot,0,0
6518,of|source,0,0
6519,of|src,0,0
6520,of|standards,0,0
6521,of|states,0,0
6522,of|structure,0,0
6523,of|supports,0,0
6524,of|system,0,0
6525,of|tasks,0,0
6526,of|terms,0,0
6527,of|test,0,0
6528,of|tests,0,0
6529,of|toml,0,0
6530,of|tools,0,0
6531,of|tracked,0,0
6532,of|tracks,0,0
6533,of|usability,0,0
6534,of|verifies,0,0
6535,of|version,0,0
6536,of|virtual,0,0
6537,of|with,0,0
6538,of|work,0,0
6539,of|workflow,0,0
6540,on|a,0,0
6541,on|and,0,0
6542,on|authors,0,0
6543,on|automates,0,0
6544,on|behavior,0,0
6545,on|branch,0,0
6546,on|changes,0,0
6547,on|checks,0,0
6548,on|code,0,0
6549,on|collaboration,0,0
6550,on|collection,0,0
6551,on|commit,0,0
6552,on|committing,0,0
6553,on|configures,0,0
6554,on|conflicts,0,0
6555,on|consistency,0,0
6556,on|contains,0,0
6557,on|continuous,0,0
6558,on|control,0,0
6559,on|controls,0,0
6560,on|data,0,0
6561,on|defines,0,0
6562,on|dependencies,0,0
6563,on|describes,0,0
6564,on|detects,0,0
6565,on|docs,0,0
6566,on|documentation,0,0
6567,on|documents,0,0
6568,on|enables,0,0
6569,on|endings,0,0
6570,on|enforces,0,0
6571,on|ensures,0,0
6572,on|environment,0,0
6573,on|errors,0,0
6574,on|events,4.3188,-0.0400
6575,on|experimentation,0,0
6576,on|explains,0,0
6577,on|file,0,0
6578,on|files,0,0
6579,on|folder,0,0
6580,on|from,0,0
6581,on|git,0,0
6582,on|gitattributes,0,0
6583,on|gitignore,0,0
6584,on|history,0,0
6585,on|ignored,0,0
6586,on|improves,0,0
6587,on|includes,0,0
6588,on|instructions,0,0
6589,on|integration,0,0
6590,on|intent,0,0
6591,on|is,0,0
6592,on|isolates,0,0
6593,on|license,0,0
6594,on|line,0,0
6595,on|lists,0,0
6596,on|message,0,0
6597,on|mkdocs,0,0
6598,on|noise,0,0
6599,on|of,0,0
6600,on|on,0,0
6601,on|permissions,0,0
6602,on|portability,0,0
6603,on|prevents,0,0
6604,on|project,0,0
6605,on|proposes,0,0
6606,on|protects,0,0
6607,on|provides,0,0
6608,on|pull,0,0
6609,on|purpose,0,0
6610,on|pyproject,0,0
6611,on|quality,0,0
6612,on|readme,0,0
6613,on|records,0,0
6614,on|reduces,0,0
6615,on|refactoring,0,0
6616,on|reliability,0,0
6617,on|repository,0,0
6618,on|reproducibility,0,0
6619,on|request,0,0
6620,on|reuse,0,0
6621,on|review,0,0
6622,on|risk,0,0
6623,on|runs,0,0
6624,on|secrets,0,0
6625,on|separates,0,0
6626,on|snapshot,0,0
6627,on|source,0,0
6628,on|src,0,0
6629,on|standards,0,0
6630,on|states,0,0
6631,on|structure,0,0
6632,on|supports,0,0
6633,on|system,0,0
6634,on|tasks,0,0
6635,on|terms,0,0
6636,on|test,0,0
6637,on|tests,0,0
6638,on|toml,0,0
6639,on|tools,0,0
6640,on|tracked,0,0
6641,on|tracks,0,0
6642,on|usability,0,0
6643,on|verifies,0,0
6644,on|version,0,0
6645,on|virtual,0,0
6646,on|with,0,0
6647,on|work,0,0
6648,on|workflow,0,0
6649,permissions|a,-0.0400,-0.0400
6650,permissions|and,0,0
6651,permissions|authors,0,0
6652,permissions|automates,0,0
6653,permissions|behavior,0,0
6654,permissions|branch,0,0
6655,permissions|changes,0,0
6656,permissions|checks,0,0
6657,permissions|code,0,0
6658,permissions|collaboration,0,0
6659,permissions|collection,0,0
6660,permissions|commit,0,0
6661,permissions|committing,0,0
6662,permissions|configures,0,0
6663,permissions|conflicts,0,0
6664,permissions|consistency,0,0
6665,permissions|contains,0,0
6666,permissions|continuous,0,0
6667,permissions|control,0,0
6668,permissions|controls,0,0
6669,permissions|data,0,0
6670,permissions|defines,0,0
6671,permissions|dependencies,0,0
6672,permissions|describes,0,0
6673,permissions|detects,0,0
6674,permissions|docs,0,0
6675,permissions|documentation,0,0
6676,permissions|documents,0,0
6677,permissions|enables,0,0
6678,permissions|endings,0,0
6679,permissions|enforces,0,0
6680,permissions|ensures,0,0
6681,permissions|environment,0,0
6682,permissions|errors,0,0
6683,permissions|events,0,0
6684,permissions|experimentation,0,0
6685,permissions|explains,0,0
6686,permissions|file,0,0
6687,permissions|files,0,0
6688,permissions|folder,0,0
6689,permissions|from,0,0
6690,permissions|git,0,0
6691,permissions|gitattributes,0,0
6692,permissions|gitignore,0,0
6693,permissions|history,0,0
6694,permissions|ignored,0,0
6695,permissions|improves,0,0
6696,permissions|includes,0,0
6697,permissions|instructions,0,0
6698,permissions|integration,0,0
6699,permissions|intent,0,0
6700,permissions|is,0,0
6701,permissions|isolates,0,0
6702,permissions|license,0,0
6703,permissions|line,0,0
6704,permissions|lists,0,0
6705,permissions|message,0,0
6706,permissions|mkdocs,0,0
6707,permissions|noise,0,0
6708,permissions|of,0,0
6709,permissions|on,0,0
6710,permissions|permissions,0,0
6711,permissions|portability,0,0
6712,permissions|prevents,0,0
6713,permissions|project,0,0
6714,permissions|proposes,0,0
6715,permissions|protects,0,0
6716,permissions|provides,0,0
6717,permissions|pull,0,0
6718,permissions|purpose,0,0
6719,permissions|pyproject,0,0
6720,permissions|quality,0,0
6721,permissions|readme,0,0
6722,permissions|records,0,0
6723,permissions|reduces,0,0
6724,permissions|refactoring,0,0
6725,permissions|reliability,0,0
6726,permissions|repository,0,0
6727,permissions|reproducibility,0,0
6728,permissions|request,0,0
6729,permissions|reuse,0,0
6730,permissions|review,0,0
6731,permissions|risk,0,0
6732,permissions|runs,0,0
6733,permissions|secrets,0,0
6734,permissions|separates,0,0
6735,permissions|snapshot,0,0
6736,permissions|source,0,0
6737,permissions|src,0,0
6738,permissions|standards,0,0
6739,permissions|states,0,0
6740,permissions|structure,0,0
6741,permissions|supports,0,0
6742,permissions|system,0,0
6743,permissions|tasks,0,0
6744,permissions|terms,0,0
6745,permissions|test,0,0
6746,permissions|tests,0,0
6747,permissions|toml,0,0
6748,permissions|tools,0,0
6749,permissions|tracked,0,0
6750,permissions|tracks,0,0
6751,permissions|usability,0,0
6752,permissions|verifies,0,0
6753,permissions|version,0,0
6754,permissions|virtual,0,0
6755,permissions|with,0,0
6756,permissions|work,0,0
6757,permissions|workflow,0,0
6758,portability|a,-0.0400,-0.0400
6759,portability|and,0,0
6760,portability|authors,0,0
6761,portability|automates,0,0
6762,portability|behavior,0,0
6763,portability|branch,0,0
6764,portability|changes,0,0
6765,portability|checks,0,0
6766,portability|code,0,0
6767,portability|collaboration,0,0
6768,portability|collection,0,0
6769,portability|commit,0,0
6770,portability|committing,0,0
6771,portability|configures,0,0
6772,portability|conflicts,0,0
6773,portability|consistency,0,0
6774,portability|contains,0,0
6775,portability|continuous,0,0
6776,portability|control,0,0
6777,portability|controls,0,0
6778,portability|data,0,0
6779,portability|defines,0,0
6780,portability|dependencies,0,0
6781,portability|describes,0,0
6782,portability|detects,0,0
6783,portability|docs,0,0
6784,portability|documentation,0,0
6785,portability|documents,0,0
6786,portability|enables,0,0
6787,portability|endings,0,0
6788,portability|enforces,0,0
6789,portability|ensures,0,0
6790,portability|environment,0,0
6791,portability|errors,0,0
6792,portability|events,0,0
6793,portability|experimentation,0,0
6794,portability|explains,0,0
6795,portability|file,0,0
6796,portability|files,0,0
6797,portability|folder,0,0
6798,portability|from,0,0
6799,portability|git,0,0
6800,portability|gitattributes,0,0
6801,portability|gitignore,0,0
6802,portability|history,0,0
6803,portability|ignored,0,0
6804,portability|improves,0,0
6805,portability|includes,0,0
6806,portability|instructions,0,0
6807,portability|integration,0,0
6808,portability|intent,0,0
6809,portability|is,0,0
6810,portability|isolates,0,0
6811,portability|license,0,0
6812,portability|line,0,0
6813,portability|lists,0,0
6814,portability|message,0,0
6815,portability|mkdocs,0,0
6816,portability|noise,0,0
6817,portability|of,0,0
6818,portability|on,0,0
6819,portability|permissions,0,0
6820,portability|portability,0,0
6821,portability|prevents,0,0
6822,portability|project,0,0
6823,portability|proposes,0,0
6824,portability|protects,0,0
6825,portability|provides,0,0
6826,portability|pull,0,0
6827,portability|purpose,0,0
6828,portability|pyproject,0,0
6829,portability|quality,0,0
6830,portability|readme,0,0
6831,portability|records,0,0
6832,portability|reduces,0,0
6833,portability|refactoring,0,0
6834,portability|reliability,0,0
6835,portability|repository,0,0
6836,portability|reproducibility,0,0
6837,portability|request,0,0
6838,portability|reuse,0,0
6839,portability|review,0,0
6840,portability|risk,0,0
6841,portability|runs,0,0
6842,portability|secrets,0,0
6843,portability|separates,0,0
6844,portability|snapshot,0,0
6845,portability|source,0,0
6846,portability|src,0,0
6847,portability|standards,0,0
6848,portability|states,0,0
6849,portability|structure,0,0
6850,portability|supports,0,0
6851,portability|system,0,0
6852,portability|tasks,0,0
6853,portability|terms,0,0
6854,portability|test,0,0
6855,portability|tests,0,0
6856,portability|toml,0,0
6857,portability|tools,0,0
6858,portability|tracked,0,0
6859,portability|tracks,0,0
6860,portability|usability,0,0
6861,portability|verifies,0,0
6862,portability|version,0,0
6863,portability|virtual,0,0
6864,portability|with,0,0
6865,portability|work,0,0
6866,portability|workflow,0,0
6867,prevents|a,0,0
6868,prevents|and,0,0
6869,prevents|authors,0,0
6870,prevents|automates,0,0
6871,prevents|behavior,0,0
6872,prevents|branch,0,0
6873,prevents|changes,0,0
6874,prevents|checks,0,0
6875,prevents|code,0,0
6876,prevents|collaboration,0,0
6877,prevents|collection,0,0
6878,prevents|commit,0,0
6879,prevents|committing,-0.0400,-0.0400
6880,prevents|configures,0,0
6881,prevents|conflicts,4.3188,-0.0400
6882,prevents|consistency,0,0
6883,prevents|contains,0,0
6884,prevents|continuous,0,0
6885,prevents|control,0,0
6886,prevents|controls,0,0
6887,prevents|data,0,0
6888,prevents|defines,0,0
6889,prevents|dependencies,0,0
6890,prevents|describes,0,0
6891,prevents|detects,0,0
6892,prevents|docs,0,0
6893,prevents|documentation,0,0
6894,prevents|documents,0,0
6895,prevents|enables,0,0
6896,prevents|endings,0,0
6897,prevents|enforces,0,0
6898,prevents|ensures,0,0
6899,prevents|environment,0,0
6900,prevents|errors,0,0
6901,prevents|events,0,0
6902,prevents|experimentation,0,0
6903,prevents|explains,0,0
6904,prevents|file,0,0
6905,prevents|files,0,0
6906,prevents|folder,0,0
6907,prevents|from,0,0
6908,prevents|git,0,0
6909,prevents|gitattributes,0,0
6910,prevents|gitignore,0,0
6911,prevents|history,0,0
6912,prevents|ignored,0,0
6913,prevents|improves,0,0
6914,prevents|includes,0,0
6915,prevents|instructions,0,0
6916,prevents|integration,0,0
6917,prevents|intent,0,0
6918,prevents|is,0,0
6919,prevents|isolates,0,0
6920,prevents|license,0,0
6921,prevents|line,0,0
6922,prevents|lists,0,0
6923,prevents|message,0,0
6924,prevents|mkdocs,0,0
6925,prevents|noise,0,0
6926,prevents|of,0,0
6927,prevents|on,0,0
6928,prevents|permissions,0,0
6929,prevents|portability,0,0
6930,prevents|prevents,0,0
6931,prevents|project,0,0
6932,prevents|proposes,0,0
6933,prevents|protects,0,0
6934,prevents|provides,0,0
6935,prevents|pull,0,0
6936,prevents|purpose,0,0
6937,prevents|pyproject,0,0
6938,prevents|quality,0,0
6939,prevents|readme,0,0
6940,prevents|records,0,0
6941,prevents|reduces,0,0
6942,prevents|refactoring,0,0
6943,prevents|reliability,0,0
6944,prevents|repository,0,0
6945,prevents|reproducibility,0,0
6946,prevents|request,0,0
6947,prevents|reuse,0,0
6948,prevents|review,0,0
6949,prevents|risk,0,0
6950,prevents|runs,0,0
6951,prevents|secrets,0,0
6952,prevents|separates,0,0
6953,prevents|snapshot,0,0
6954,prevents|source,0,0
6955,prevents|src,0,0
6956,prevents|standards,0,0
6957,prevents|states,0,0
6958,prevents|structure,0,0
6959,prevents|supports,0,0
6960,prevents|system,0,0
6961,prevents|tasks,0,0
6962,prevents|terms,0,0
6963,prevents|test,0,0
6964,prevents|tests,0,0
6965,prevents|toml,0,0
6966,prevents|tools,0,0
6967,prevents|tracked,0,0
6968,prevents|tracks,0,0
6969,prevents|usability,0,0
6970,prevents|verifies,0,0
6971,prevents|version,0,0
6972,prevents|virtual,0,0
6973,prevents|with,0,0
6974,prevents|work,0,0
6975,prevents|workflow,0,0
6976,project|a,-0.0744,-0.0744
6977,project|and,0,0
6978,project|authors,0,0
6979,project|automates,0,0
6980,project|behavior,0,0
6981,project|branch,0,0
6982,project|changes,0,0
6983,project|checks,0,0
6984,project|code,0,0
6985,project|collaboration,0,0
6986,project|collection,0,0
6987,project|commit,0,0
6988,project|committing,0,0
6989,project|configures,0,0
6990,project|conflicts,0,0
6991,project|consistency,0,0
6992,project|contains,0,0
6993,project|continuous,0,0
6994,project|control,0,0
6995,project|controls,0,0
6996,project|data,0,0
6997,project|defines,0,0
6998,project|dependencies,0,0
6999,project|describes,0,0
7000,project|detects,0,0
7001,project|docs,0,0
7002,project|documentation,0,0
7003,project|documents,0,0
7004,project|enables,0,0
7005,project|endings,0,0
7006,project|enforces,0,0
7007,project|ensures,0,0
7008,project|environment,0,0
7009,project|errors,0,0
7010,project|events,0,0
7011,project|experimentation,0,0
7012,project|explains,0,0
7013,project|file,0,0
7014,project|files,0,0
7015,project|folder,0,0
7016,project|from,0,0
7017,project|git,0,0
7018,project|gitattributes,0,0
7019,project|gitignore,0,0
7020,project|history,0,0
7021,project|ignored,0,0
7022,project|improves,0,0
7023,project|includes,0,0
7024,project|instructions,0,0
7025,project|integration,0,0
7026,project|intent,0,0
7027,project|is,0,0
7028,project|isolates,0,0
7029,project|license,0,0
7030,project|line,0,0
7031,project|lists,0,0
7032,project|message,0,0
7033,project|mkdocs,0,0
7034,project|noise,0,0
7035,project|of,0,0
7036,project|on,0,0
7037,project|permissions,0,0
7038,project|portability,0,0
7039,project|prevents,0,0
7040,project|project,0,0
7041,project|proposes,0,0
7042,project|protects,0,0
7043,project|provides,0,0
7044,project|pull,0,0
7045,project|purpose,0,0
7046,project|pyproject,0,0
7047,project|quality,0,0
7048,project|readme,0,0
7049,project|records,0,0
7050,project|reduces,0,0
7051,project|refactoring,0,0
7052,project|reliability,0,0
7053,project|repository,0,0
7054,project|reproducibility,0,0
7055,project|request,0,0
7056,project|reuse,0,0
7057,project|review,0,0
7058,project|risk,0,0
7059,project|runs,0,0
7060,project|secrets,0,0
7061,project|separates,0,0
7062,project|snapshot,0,0
7063,project|source,0,0
7064,project|src,0,0
7065,project|standards,0,0
7066,project|states,0,0
7067,project|structure,0,0
7068,project|supports,0,0
7069,project|system,0,0
7070,project|tasks,0,0
7071,project|terms,0,0
7072,project|test,0,0
7073,project|tests,0,0
7074,project|toml,0,0
7075,project|tools,0,0
7076,project|tracked,0,0
7077,project|tracks,0,0
7078,project|usability,0,0
7079,project|verifies,0,0
7080,project|version,0,0
7081,project|virtual,0,0
7082,project|with,0,0
7083,project|work,0,0
7084,project|workflow,0,0
7085,proposes|a,0,0
7086,proposes|and,0,0
7087,proposes|authors,0,0
7088,proposes|automates,0,0
7089,proposes|behavior,0,0
7090,proposes|branch,0,0
7091,proposes|changes,4.3188,-0.0400
7092,proposes|checks,0,0
7093,proposes|code,0,0
7094,proposes|collaboration,0,0
7095,proposes|collection,0,0
7096,proposes|commit,0,0
7097,proposes|committing,0,0
7098,proposes|configures,0,0
7099,proposes|conflicts,0,0
7100,proposes|consistency,0,0
7101,proposes|contains,0,0
7102,proposes|continuous,0,0
7103,proposes|control,0,0
7104,proposes|controls,0,0
7105,proposes|data,0,0
7106,proposes|defines,0,0
7107,proposes|dependencies,0,0
7108,proposes|describes,0,0
7109,proposes|detects,0,0
7110,proposes|docs,0,0
7111,proposes|documentation,0,0
7112,proposes|documents,0,0
7113,proposes|enables,0,0
7114,proposes|endings,0,0
7115,proposes|enforces,0,0
7116,proposes|ensures,0,0
7117,proposes|environment,0,0
7118,proposes|errors,0,0
7119,proposes|events,0,0
7120,proposes|experimentation,0,0
7121,proposes|explains,0,0
7122,proposes|file,0,0
7123,proposes|files,0,0
7124,proposes|folder,0,0
7125,proposes|from,0,0
7126,proposes|git,0,0
7127,proposes|gitattributes,0,0
7128,proposes|gitignore,0,0
7129,proposes|history,0,0
7130,proposes|ignored,0,0
7131,proposes|improves,0,0
7132,proposes|includes,0,0
7133,proposes|instructions,0,0
7134,proposes|integration,0,0
7135,proposes|intent,0,0
7136,proposes|is,0,0
7137,proposes|isolates,0,0
7138,proposes|license,0,0
7139,proposes|line,0,0
7140,proposes|lists,0,0
7141,proposes|message,0,0
7142,proposes|mkdocs,0,0
7143,proposes|noise,0,0
7144,proposes|of,0,0
7145,proposes|on,0,0
7146,proposes|permissions,0,0
7147,proposes|portability,0,0
7148,proposes|prevents,0,0
7149,proposes|project,0,0
7150,proposes|proposes,0,0
7151,proposes|protects,0,0
7152,proposes|provides,0,0
7153,proposes|pull,0,0
7154,proposes|purpose,0,0
7155,proposes|pyproject,0,0
7156,proposes|quality,0,0
7157,proposes|readme,0,0
7158,proposes|records,0,0
7159,proposes|reduces,0,0
7160,proposes|refactoring,0,0
7161,proposes|reliability,0,0
7162,proposes|repository,0,0
7163,proposes|reproducibility,0,0
7164,proposes|request,0,0
7165,proposes|reuse,0,0
7166,proposes|review,0,0
7167,proposes|risk,0,0
7168,proposes|runs,0,0
7169,proposes|secrets,0,0
7170,proposes|separates,0,0
7171,proposes|snapshot,0,0
7172,proposes|source,0,0
7173,proposes|src,0,0
7174,proposes|standards,0,0
7175,proposes|states,0,0
7176,proposes|structure,0,0
7177,proposes|supports,0,0
7178,proposes|system,0,0
7179,proposes|tasks,0,0
7180,proposes|terms,0,0
7181,proposes|test,0,0
7182,proposes|tests,0,0
7183,proposes|toml,0,0
7184,proposes|tools,0,0
7185,proposes|tracked,0,0
7186,proposes|tracks,0,0
7187,proposes|usability,0,0
7188,proposes|verifies,0,0
7189,proposes|version,0,0
7190,proposes|virtual,0,0
7191,proposes|with,0,0
7192,proposes|work,0,0
7193,proposes|workflow,0,0
7194,protects|a,0,0
7195,protects|and,0,0
7196,protects|authors,4.3188,-0.0400
7197,protects|automates,0,0
7198,protects|behavior,0,0
7199,protects|branch,0,0
7200,protects|changes,0,0
7201,protects|checks,0,0
7202,protects|code,0,0
7203,protects|collaboration,0,0
7204,protects|collection,0,0
7205,protects|commit,0,0
7206,protects|committing,0,0
7207,protects|configures,0,0
7208,protects|conflicts,0,0
7209,protects|consistency,0,0
7210,protects|contains,0,0
7211,protects|continuous,0,0
7212,protects|control,0,0
7213,protects|controls,0,0
7214,protects|data,0,0
7215,protects|defines,0,0
7216,protects|dependencies,0,0
7217,protects|describes,0,0
7218,protects|detects,0,0
7219,protects|docs,0,0
7220,protects|documentation,0,0
7221,protects|documents,0,0
7222,protects|enables,0,0
7223,protects|endings,0,0
7224,protects|enforces,0,0
7225,protects|ensures,0,0
7226,protects|environment,0,0
7227,protects|errors,0,0
7228,protects|events,0,0
7229,protects|experimentation,0,0
7230,protects|explains,0,0
7231,protects|file,0,0
7232,protects|files,0,0
7233,protects|folder,0,0
7234,protects|from,0,0
7235,protects|git,0,0
7236,protects|gitattributes,0,0
7237,protects|gitignore,0,0
7238,protects|history,0,0
7239,protects|ignored,0,0
7240,protects|improves,0,0
7241,protects|includes,0,0
7242,protects|instructions,0,0
7243,protects|integration,0,0
7244,protects|intent,0,0
7245,protects|is,0,0
7246,protects|isolates,0,0
7247,protects|license,0,0
7248,protects|line,0,0
7249,protects|lists,0,0
7250,protects|message,0,0
7251,protects|mkdocs,0,0
7252,protects|noise,0,0
7253,protects|of,0,0
7254,protects|on,0,0
7255,protects|permissions,0,0
7256,protects|portability,0,0
7257,protects|prevents,0,0
7258,protects|project,0,0
7259,protects|proposes,0,0
7260,protects|protects,0,0
7261,protects|provides,0,0
7262,protects|pull,0,0
7263,protects|purpose,0,0
7264,protects|pyproject,0,0
7265,protects|quality,0,0
7266,protects|readme,0,0
7267,protects|records,0,0
7268,protects|reduces,0,0
7269,protects|refactoring,0,0
7270,protects|reliability,0,0
7271,protects|repository,0,0
7272,protects|reproducibility,0,0
7273,protects|request,0,0
7274,protects|reuse,0,0
7275,protects|review,0,0
7276,protects|risk,0,0
7277,protects|runs,0,0
7278,protects|secrets,0,0
7279,protects|separates,0,0
7280,protects|snapshot,0,0
7281,protects|source,0,0
7282,protects|src,0,0
7283,protects|standards,0,0
7284,protects|states,0,0
7285,protects|structure,0,0
7286,protects|supports,0,0
7287,protects|system,0,0
7288,protects|tasks,0,0
7289,protects|terms,0,0
7290,protects|test,0,0
7291,protects|tests,0,0
7292,protects|toml,0,0
7293,protects|tools,0,0
7294,protects|tracked,0,0
7295,protects|tracks,0,0
7296,protects|usability,0,0
7297,protects|verifies,0,0
7298,protects|version,0,0
7299,protects|virtual,0,0
7300,protects|with,0,0
7301,protects|work,0,0
7302,protects|workflow,0,0
7303,provides|a,0,0
7304,provides|and,0,0
7305,provides|authors,0,0
7306,provides|automates,0,0
7307,provides|behavior,0,0
7308,provides|branch,0,0
7309,provides|changes,0,0
7310,provides|checks,0,0
7311,provides|code,0,0
7312,provides|collaboration,0,0
7313,provides|collection,0,0
7314,provides|commit,0,0
7315,provides|committing,0,0
7316,provides|configures,0,0
7317,provides|conflicts,0,0
7318,provides|consistency,0,0
7319,provides|contains,0,0
7320,provides|continuous,0,0
7321,provides|control,0,0
7322,provides|controls,0,0
7323,provides|data,0,0
7324,provides|defines,0,0
7325,provides|dependencies,0,0
7326,provides|describes,0,0
7327,provides|detects,0,0
7328,provides|docs,0,0
7329,provides|documentation,0,0
7330,provides|documents,0,0
7331,provides|enables,0,0
7332,provides|endings,0,0
7333,provides|enforces,0,0
7334,provides|ensures,0,0
7335,provides|environment,0,0
7336,provides|errors,0,0
7337,provides|events,0,0
7338,provides|experimentation,0,0
7339,provides|explains,0,0
7340,provides|file,0,0
7341,provides|files,0,0
7342,provides|folder,0,0
7343,provides|from,0,0
7344,provides|git,0,0
7345,provides|gitattributes,0,0
7346,provides|gitignore,0,0
7347,provides|history,0,0
7348,provides|ignored,0,0
7349,provides|improves,0,0
7350,provides|includes,0,0
7351,provides|instructions,4.3188,-0.0400
7352,provides|integration,0,0
7353,provides|intent,0,0
7354,provides|is,0,0
7355,provides|isolates,0,0
7356,provides|license,0,0
7357,provides|line,0,0
7358,provides|lists,0,0
7359,provides|message,0,0
7360,provides|mkdocs,0,0
7361,provides|noise,0,0
7362,provides|of,0,0
7363,provides|on,0,0
7364,provides|permissions,0,0
7365,provides|portability,0,0
7366,provides|prevents,0,0
7367,provides|project,0,0
7368,provides|proposes,0,0
7369,provides|protects,0,0
7370,provides|provides,0,0
7371,provides|pull,0,0
7372,provides|purpose,0,0
7373,provides|pyproject,0,0
7374,provides|quality,0,0
7375,provides|readme,0,0
7376,provides|records,0,0
7377,provides|reduces,0,0
7378,provides|refactoring,0,0
7379,provides|reliability,0,0
7380,provides|repository,0,0
7381,provides|reproducibility,0,0
7382,provides|request,0,0
7383,provides|reuse,0,0
7384,provides|review,0,0
7385,provides|risk,0,0
7386,provides|runs,0,0
7387,provides|secrets,0,0
7388,provides|separates,0,0
7389,provides|snapshot,0,0
7390,provides|source,0,0
7391,provides|src,0,0
7392,provides|standards,0,0
7393,provides|states,0,0
7394,provides|structure,0,0
7395,provides|supports,0,0
7396,provides|system,0,0
7397,provides|tasks,0,0
7398,provides|terms,0,0
7399,provides|test,0,0
7400,provides|tests,0,0
7401,provides|toml,0,0
7402,provides|tools,0,0
7403,provides|tracked,0,0
7404,provides|tracks,0,0
7405,provides|usability,0,0
7406,provides|verifies,0,0
7407,provides|version,0,0
7408,provides|virtual,0,0
7409,provides|with,0,0
7410,provides|work,0,0
7411,provides|workflow,0,0
7412,pull|a,0,0
7413,pull|and,0,0
7414,pull|authors,0,0
7415,pull|automates,0,0
7416,pull|behavior,0,0
7417,pull|branch,0,0
7418,pull|changes,0,0
7419,pull|checks,0,0
7420,pull|code,0,0
7421,pull|collaboration,0,0
7422,pull|collection,0,0
7423,pull|commit,0,0
7424,pull|committing,0,0
7425,pull|configures,0,0
7426,pull|conflicts,0,0
7427,pull|consistency,0,0
7428,pull|contains,0,0
7429,pull|continuous,0,0
7430,pull|control,0,0
7431,pull|controls,0,0
7432,pull|data,0,0
7433,pull|defines,0,0
7434,pull|dependencies,0,0
7435,pull|describes,0,0
7436,pull|detects,0,0
7437,pull|docs,0,0
7438,pull|documentation,0,0
7439,pull|documents,0,0
7440,pull|enables,0,0
7441,pull|endings,0,0
7442,pull|enforces,0,0
7443,pull|ensures,0,0
7444,pull|environment,0,0
7445,pull|errors,0,0
7446,pull|events,0,0
7447,pull|experimentation,0,0
7448,pull|explains,0,0
7449,pull|file,0,0
7450,pull|files,0,0
7451,pull|folder,0,0
7452,pull|from,0,0
7453,pull|git,0,0
7454,pull|gitattributes,0,0
7455,pull|gitignore,0,0
7456,pull|history,0,0
7457,pull|ignored,0,0
7458,pull|improves,0,0
7459,pull|includes,0,0
7460,pull|instructions,0,0
7461,pull|integration,0,0
7462,pull|intent,0,0
7463,pull|is,0,0
7464,pull|isolates,0,0
7465,pull|license,0,0
7466,pull|line,0,0
7467,pull|lists,0,0
7468,pull|message,0,0
7469,pull|mkdocs,0,0
7470,pull|noise,0,0
7471,pull|of,0,0
7472,pull|on,0,0
7473,pull|permissions,0,0
7474,pull|portability,0,0
7475,pull|prevents,0,0
7476,pull|project,0,0
7477,pull|proposes,0,0
7478,pull|protects,0,0
7479,pull|provides,0,0
7480,pull|pull,0,0
7481,pull|purpose,0,0
7482,pull|pyproject,0,0
7483,pull|quality,0,0
7484,pull|readme,0,0
7485,pull|records,0,0
7486,pull|reduces,0,0
7487,pull|refactoring,0,0
7488,pull|reliability,0,0
7489,pull|repository,0,0
7490,pull|reproducibility,0,0
7491,pull|request,-0.1060,-0.1060
7492,pull|reuse,0,0
7493,pull|review,0,0
7494,pull|risk,0,0
7495,pull|runs,0,0
7496,pull|secrets,0,0
7497,pull|separates,0,0
7498,pull|snapshot,0,0
7499,pull|source,0,0
7500,pull|src,0,0
7501,pull|standards,0,0
7502,pull|states,0,0
7503,pull|structure,0,0
7504,pull|supports,0,0
7505,pull|system,0,0
7506,pull|tasks,0,0
7507,pull|terms,0,0
7508,pull|test,0,0
7509,pull|tests,0,0
7510,pull|toml,0,0
7511,pull|tools,0,0
7512,pull|tracked,0,0
7513,pull|tracks,0,0
7514,pull|usability,0,0
7515,pull|verifies,0,0
7516,pull|version,0,0
7517,pull|virtual,0,0
7518,pull|with,0,0
7519,pull|work,0,0
7520,pull|workflow,0,0
7521,purpose|a,-0.0400,-0.0400
7522,purpose|and,0,0
7523,purpose|authors,0,0
7524,purpose|automates,0,0
7525,purpose|behavior,0,0
7526,purpose|branch,0,0
7527,purpose|changes,0,0
7528,purpose|checks,0,0
7529,purpose|code,0,0
7530,purpose|collaboration,0,0
7531,purpose|collection,0,0
7532,purpose|commit,0,0
7533,purpose|committing,0,0
7534,purpose|configures,0,0
7535,purpose|conflicts,0,0
7536,purpose|consistency,0,0
7537,purpose|contains,0,0
7538,purpose|continuous,0,0
7539,purpose|control,0,0
7540,purpose|controls,0,0
7541,purpose|data,0,0
7542,purpose|defines,0,0
7543,purpose|dependencies,0,0
7544,purpose|describes,0,0
7545,purpose|detects,0,0
7546,purpose|docs,0,0
7547,purpose|documentation,0,0
7548,purpose|documents,0,0
7549,purpose|enables,0,0
7550,purpose|endings,0,0
7551,purpose|enforces,0,0
7552,purpose|ensures,0,0
7553,purpose|environment,0,0
7554,purpose|errors,0,0
7555,purpose|events,0,0
7556,purpose|experimentation,0,0
7557,purpose|explains,0,0
7558,purpose|file,0,0
7559,purpose|files,0,0
7560,purpose|folder,0,0
7561,purpose|from,0,0
7562,purpose|git,0,0
7563,purpose|gitattributes,0,0
7564,purpose|gitignore,0,0
7565,purpose|history,0,0
7566,purpose|ignored,0,0
7567,purpose|improves,0,0
7568,purpose|includes,0,0
7569,purpose|instructions,0,0
7570,purpose|integration,0,0
7571,purpose|intent,0,0
7572,purpose|is,0,0
7573,purpose|isolates,0,0
7574,purpose|license,0,0
7575,purpose|line,0,0
7576,purpose|lists,0,0
7577,purpose|message,0,0
7578,purpose|mkdocs,0,0
7579,purpose|noise,0,0
7580,purpose|of,0,0
7581,purpose|on,0,0
7582,purpose|permissions,0,0
7583,purpose|portability,0,0
7584,purpose|prevents,0,0
7585,purpose|project,0,0
7586,purpose|proposes,0,0
7587,purpose|protects,0,0
7588,purpose|provides,0,0
7589,purpose|pull,0,0
7590,purpose|purpose,0,0
7591,purpose|pyproject,0,0
7592,purpose|quality,0,0
7593,purpose|readme,0,0
7594,purpose|records,0,0
7595,purpose|reduces,0,0
7596,purpose|refactoring,0,0
7597,purpose|reliability,0,0
7598,purpose|repository,0,0
7599,purpose|reproducibility,0,0
7600,purpose|request,0,0
7601,purpose|reuse,0,0
7602,purpose|review,0,0
7603,purpose|risk,0,0
7604,purpose|runs,0,0
7605,purpose|secrets,0,0
7606,purpose|separates,0,0
7607,purpose|snapshot,0,0
7608,purpose|source,0,0
7609,purpose|src,0,0
7610,purpose|standards,0,0
7611,purpose|states,0,0
7612,purpose|structure,0,0
7613,purpose|supports,0,0
7614,purpose|system,0,0
7615,purpose|tasks,0,0
7616,purpose|terms,0,0
7617,purpose|test,0,0
7618,purpose|tests,0,0
7619,purpose|toml,0,0
7620,purpose|tools,0,0
7621,purpose|tracked,0,0
7622,purpose|tracks,0,0
7623,purpose|usability,0,0
7624,purpose|verifies,0,0
7625,purpose|version,0,0
7626,purpose|virtual,0,0
7627,purpose|with,0,0
7628,purpose|work,0,0
7629,purpose|workflow,0,0
7630,pyproject|a,0,0
7631,pyproject|and,0,0
7632,pyproject|authors,0,0
7633,pyproject|automates,0,0
7634,pyproject|behavior,0,0
7635,pyproject|branch,0,0
7636,pyproject|changes,0,0
7637,pyproject|checks,0,0
7638,pyproject|code,0,0
7639,pyproject|collaboration,0,0
7640,pyproject|collection,0,0
7641,pyproject|commit,0,0
7642,pyproject|committing,0,0
7643,pyproject|configures,0,0
7644,pyproject|conflicts,0,0
7645,pyproject|consistency,0,0
7646,pyproject|contains,0,0
7647,pyproject|continuous,0,0
7648,pyproject|control,0,0
7649,pyproject|controls,0,0
7650,pyproject|data,0,0
7651,pyproject|defines,0,0
7652,pyproject|dependencies,0,0
7653,pyproject|describes,0,0
7654,pyproject|detects,0,0
7655,pyproject|docs,0,0
7656,pyproject|documentation,0,0
7657,pyproject|documents,0,0
7658,pyproject|enables,0,0
7659,pyproject|endings,0,0
7660,pyproject|enforces,0,0
7661,pyproject|ensures,0,0
7662,pyproject|environment,0,0
7663,pyproject|errors,0,0
7664,pyproject|events,0,0
7665,pyproject|experimentation,0,0
7666,pyproject|explains,0,0
7667,pyproject|file,0,0
7668,pyproject|files,0,0
7669,pyproject|folder,0,0
7670,pyproject|from,0,0
7671,pyproject|git,0,0
7672,pyproject|gitattributes,0,0
7673,pyproject|gitignore,0,0
7674,pyproject|history,0,0
7675,pyproject|ignored,0,0
7676,pyproject|improves,0,0
7677,pyproject|includes,0,0
7678,pyproject|instructions,0,0
7679,pyproject|integration,0,0
7680,pyproject|intent,0,0
7681,pyproject|is,0,0
7682,pyproject|isolates,0,0
7683,pyproject|license,0,0
7684,pyproject|line,0,0
7685,pyproject|lists,0,0
7686,pyproject|message,0,0
7687,pyproject|mkdocs,0,0
7688,pyproject|noise,0,0
7689,pyproject|of,0,0
7690,pyproject|on,0,0
7691,pyproject|permissions,0,0
7692,pyproject|portability,0,0
7693,pyproject|prevents,0,0
7694,pyproject|project,0,0
7695,pyproject|proposes,0,0
7696,pyproject|protects,0,0
7697,pyproject|provides,0,0
7698,pyproject|pull,0,0
7699,pyproject|purpose,0,0
7700,pyproject|pyproject,0,0
7701,pyproject|quality,0,0
7702,pyproject|readme,0,0
7703,pyproject|records,0,0
7704,pyproject|reduces,0,0
7705,pyproject|refactoring,0,0
7706,pyproject|reliability,0,0
7707,pyproject|repository,0,0
7708,pyproject|reproducibility,0,0
7709,pyproject|request,0,0
7710,pyproject|reuse,0,0
7711,pyproject|review,0,0
7712,pyproject|risk,0,0
7713,pyproject|runs,0,0
7714,pyproject|secrets,0,0
7715,pyproject|separates,0,0
7716,pyproject|snapshot,0,0
7717,pyproject|source,0,0
7718,pyproject|src,0,0
7719,pyproject|standards,0,0
7720,pyproject|states,0,0
7721,pyproject|structure,0,0
7722,pyproject|supports,0,0
7723,pyproject|system,0,0
7724,pyproject|tasks,0,0
7725,pyproject|terms,0,0
7726,pyproject|test,0,0
7727,pyproject|tests,0,0
7728,pyproject|toml,-0.0625,-0.0625
7729,pyproject|tools,0,0
7730,pyproject|tracked,0,0
7731,pyproject|tracks,0,0
7732,pyproject|usability,0,0
7733,pyproject|verifies,0,0
7734,pyproject|version,0,0
7735,pyproject|virtual,0,0
7736,pyproject|with,0,0
7737,pyproject|work,0,0
7738,pyproject|workflow,0,0
7739,quality|a,0,0
7740,quality|and,0,0
7741,quality|authors,0,0
7742,quality|automates,0,0
7743,quality|behavior,0,0
7744,quality|branch,0,0
7745,quality|changes,0,0
7746,quality|checks,0,0
7747,quality|code,0,0
7748,quality|collaboration,0,0
7749,quality|collection,0,0
7750,quality|commit,0,0
7751,quality|committing,0,0
7752,quality|configures,0,0
7753,quality|conflicts,0,0
7754,quality|consistency,0,0
7755,quality|contains,0,0
7756,quality|continuous,-0.0400,-0.0400
7757,quality|control,0,0
7758,quality|controls,0,0
7759,quality|data,0,0
7760,quality|defines,0,0
7761,quality|dependencies,0,0
7762,quality|describes,0,0
7763,quality|detects,0,0
7764,quality|docs,0,0
7765,quality|documentation,0,0
7766,quality|documents,0,0
7767,quality|enables,0,0
7768,quality|endings,0,0
7769,quality|enforces,0,0
7770,quality|ensures,0,0
7771,quality|environment,0,0
7772,quality|errors,0,0
7773,quality|events,0,0
7774,quality|experimentation,0,0
7775,quality|explains,0,0
7776,quality|file,0,0
7777,quality|files,0,0
7778,quality|folder,0,0
7779,quality|from,0,0
7780,quality|git,0,0
7781,quality|gitattributes,0,0
7782,quality|gitignore,0,0
7783,quality|history,0,0
7784,quality|ignored,0,0
7785,quality|improves,0,0
7786,quality|includes,0,0
7787,quality|instructions,0,0
7788,quality|integration,0,0
7789,quality|intent,0,0
7790,quality|is,0,0
7791,quality|isolates,0,0
7792,quality|license,0,0
7793,quality|line,0,0
7794,quality|lists,0,0
7795,quality|message,0,0
7796,quality|mkdocs,0,0
7797,quality|noise,0,0
7798,quality|of,0,0
7799,quality|on,0,0
7800,quality|permissions,0,0
7801,quality|portability,0,0
7802,quality|prevents,0,0
7803,quality|project,0,0
7804,quality|proposes,0,0
7805,quality|protects,0,0
7806,quality|provides,0,0
7807,quality|pull,0,0
7808,quality|purpose,0,0
7809,quality|pyproject,0,0
7810,quality|quality,0,0
7811,quality|readme,0,0
7812,quality|records,0,0
7813,quality|reduces,0,0
7814,quality|refactoring,0,0
7815,quality|reliability,0,0
7816,quality|repository,0,0
7817,quality|reproducibility,0,0
7818,quality|request,0,0
7819,quality|reuse,0,0
7820,quality|review,0,0
7821,quality|risk,0,0
7822,quality|runs,0,0
7823,quality|secrets,0,0
7824,quality|separates,0,0
7825,quality|snapshot,0,0
7826,quality|source,0,0
7827,quality|src,0,0
7828,quality|standards,0,0
7829,quality|states,0,0
7830,quality|structure,0,0
7831,quality|supports,0,0
7832,quality|system,0,0
7833,quality|tasks,0,0
7834,quality|terms,0,0
7835,quality|test,0,0
7836,quality|tests,0,0
7837,quality|toml,0,0
7838,quality|tools,0,0
7839,quality|tracked,0,0
7840,quality|tracks,0,0
7841,quality|usability,0,0
7842,quality|verifies,0,0
7843,quality|version,0,0
7844,quality|virtual,0,0
7845,quality|with,0,0
7846,quality|work,0,0
7847,quality|workflow,0,0
7848,readme|a,0,0
7849,readme|and,0,0
7850,readme|authors,0,0
7851,readme|automates,0,0
7852,readme|behavior,0,0
7853,readme|branch,0,0
7854,readme|changes,0,0
7855,readme|checks,0,0
7856,readme|code,0,0
7857,readme|collaboration,0,0
7858,readme|collection,0,0
7859,readme|commit,0,0
7860,readme|committing,0,0
7861,readme|configures,0,0
7862,readme|conflicts,0,0
7863,readme|consistency,0,0
7864,readme|contains,0,0
7865,readme|continuous,0,0
7866,readme|control,0,0
7867,readme|controls,0,0
7868,readme|data,0,0
7869,readme|defines,0,0
7870,readme|dependencies,0,0
7871,readme|describes,0,0
7872,readme|detects,0,0
7873,readme|docs,0,0
7874,readme|documentation,0,0
7875,readme|documents,0,0
7876,readme|enables,0,0
7877,readme|endings,0,0
7878,readme|enforces,0,0
7879,readme|ensures,0,0
7880,readme|environment,0,0
7881,readme|errors,0,0
7882,readme|events,0,0
7883,readme|experimentation,0,0
7884,readme|explains,0,0
7885,readme|file,-0.1060,-0.1060
7886,readme|files,0,0
7887,readme|folder,0,0
7888,readme|from,0,0
7889,readme|git,0,0
7890,readme|gitattributes,0,0
7891,readme|gitignore,0,0
7892,readme|history,0,0
7893,readme|ignored,0,0
7894,readme|improves,0,0
7895,readme|includes,0,0
7896,readme|instructions,0,0
7897,readme|integration,0,0
7898,readme|intent,0,0
7899,readme|is,0,0
7900,readme|isolates,0,0
7901,readme|license,0,0
7902,readme|line,0,0
7903,readme|lists,0,0
7904,readme|message,0,0
7905,readme|mkdocs,0,0
7906,readme|noise,0,0
7907,readme|of,0,0
7908,readme|on,0,0
7909,readme|permissions,0,0
7910,readme|portability,0,0
7911,readme|prevents,0,0
7912,readme|project,0,0
7913,readme|proposes,0,0
7914,readme|protects,0,0
7915,readme|provides,0,0
7916,readme|pull,0,0
7917,readme|purpose,0,0
7918,readme|pyproject,0,0
7919,readme|quality,0,0
7920,readme|readme,0,0
7921,readme|records,0,0
7922,readme|reduces,0,0
7923,readme|refactoring,0,0
7924,readme|reliability,0,0
7925,readme|repository,0,0
7926,readme|reproducibility,0,0
7927,readme|request,0,0
7928,readme|reuse,0,0
7929,readme|review,0,0
7930,readme|risk,0,0
7931,readme|runs,0,0
7932,readme|secrets,0,0
7933,readme|separates,0,0
7934,readme|snapshot,0,0
7935,readme|source,0,0
7936,readme|src,0,0
7937,readme|standards,0,0
7938,readme|states,0,0
7939,readme|structure,0,0
7940,readme|supports,0,0
7941,readme|system,0,0
7942,readme|tasks,0,0
7943,readme|terms,0,0
7944,readme|test,0,0
7945,readme|tests,0,0
7946,readme|toml,0,0
7947,readme|tools,0,0
7948,readme|tracked,0,0
7949,readme|tracks,0,0
7950,readme|usability,0,0
7951,readme|verifies,0,0
7952,readme|version,0,0
7953,readme|virtual,0,0
7954,readme|with,0,0
7955,readme|work,0,0
7956,readme|workflow,0,0
7957,records|a,-0.0400,-0.0400
7958,records|and,0,0
7959,records|authors,0,0
7960,records|automates,0,0
7961,records|behavior,0,0
7962,records|branch,0,0
7963,records|changes,0,0
7964,records|checks,0,0
7965,records|code,0,0
7966,records|collaboration,0,0
7967,records|collection,0,0
7968,records|commit,0,0
7969,records|committing,0,0
7970,records|configures,0,0
7971,records|conflicts,0,0
7972,records|consistency,0,0
7973,records|contains,0,0
7974,records|continuous,0,0
7975,records|control,0,0
7976,records|controls,0,0
7977,records|data,0,0
7978,records|defines,0,0
7979,records|dependencies,0,0
7980,records|describes,0,0
7981,records|detects,0,0
7982,records|docs,0,0
7983,records|documentation,0,0
7984,records|documents,0,0
7985,records|enables,0,0
7986,records|endings,0,0
7987,records|enforces,0,0
7988,records|ensures,0,0
7989,records|environment,0,0
7990,records|errors,0,0
7991,records|events,0,0
7992,records|experimentation,0,0
7993,records|explains,0,0
7994,records|file,0,0
7995,records|files,0,0
7996,records|folder,0,0
7997,records|from,0,0
7998,records|git,0,0
7999,records|gitattributes,0,0
8000,records|gitignore,0,0
8001,records|history,4.3188,-0.0400
8002,records|ignored,0,0
8003,records|improves,0,0
8004,records|includes,0,0
8005,records|instructions,0,0
8006,records|integration,0,0
8007,records|intent,0,0
8008,records|is,0,0
8009,records|isolates,0,0
8010,records|license,0,0
8011,records|line,0,0
8012,records|lists,0,0
8013,records|message,0,0
8014,records|mkdocs,0,0
8015,records|noise,0,0
8016,records|of,0,0
8017,records|on,0,0
8018,records|permissions,0,0
8019,records|portability,0,0
8020,records|prevents,0,0
8021,records|project,0,0
8022,records|proposes,0,0
8023,records|protects,0,0
8024,records|provides,0,0
8025,records|pull,0,0
8026,records|purpose,0,0
8027,records|pyproject,0,0
8028,records|quality,0,0
8029,records|readme,0,0
8030,records|records,0,0
8031,records|reduces,0,0
8032,records|refactoring,0,0
8033,records|reliability,0,0
8034,records|repository,0,0
8035,records|reproducibility,0,0
8036,records|request,0,0
8037,records|reuse,0,0
8038,records|review,0,0
8039,records|risk,0,0
8040,records|runs,0,0
8041,records|secrets,0,0
8042,records|separates,0,0
8043,records|snapshot,0,0
8044,records|source,0,0
8045,records|src,0,0
8046,records|standards,0,0
8047,records|states,0,0
8048,records|structure,0,0
8049,records|supports,0,0
8050,records|system,0,0
8051,records|tasks,0,0
8052,records|terms,0,0
8053,records|test,0,0
8054,records|tests,0,0
8055,records|toml,0,0
8056,records|tools,0,0
8057,records|tracked,0,0
8058,records|tracks,0,0
8059,records|usability,0,0
8060,records|verifies,0,0
8061,records|version,0,0
8062,records|virtual,0,0
8063,records|with,0,0
8064,records|work,0,0
8065,records|workflow,0,0
8066,reduces|a,0,0
8067,reduces|and,0,0
8068,reduces|authors,0,0
8069,reduces|automates,0,0
8070,reduces|behavior,0,0
8071,reduces|branch,0,0
8072,reduces|changes,0,0
8073,reduces|checks,0,0
8074,reduces|code,0,0
8075,reduces|collaboration,0,0
8076,reduces|collection,0,0
8077,reduces|commit,0,0
8078,reduces|committing,0,0
8079,reduces|configures,0,0
8080,reduces|conflicts,0,0
8081,reduces|consistency,0,0
8082,reduces|contains,0,0
8083,reduces|continuous,0,0
8084,reduces|control,0,0
8085,reduces|controls,0,0
8086,reduces|data,0,0
8087,reduces|defines,0,0
8088,reduces|dependencies,0,0
8089,reduces|describes,0,0
8090,reduces|detects,0,0
8091,reduces|docs,0,0
8092,reduces|documentation,0,0
8093,reduces|documents,0,0
8094,reduces|enables,0,0
8095,reduces|endings,0,0
8096,reduces|enforces,0,0
8097,reduces|ensures,0,0
8098,reduces|environment,0,0
8099,reduces|errors,0,0
8100,reduces|events,0,0
8101,reduces|experimentation,0,0
8102,reduces|explains,0,0
8103,reduces|file,0,0
8104,reduces|files,0,0
8105,reduces|folder,0,0
8106,reduces|from,0,0
8107,reduces|git,0,0
8108,reduces|gitattributes,0,0
8109,reduces|gitignore,0,0
8110,reduces|history,0,0
8111,reduces|ignored,0,0
8112,reduces|improves,0,0
8113,reduces|includes,0,0
8114,reduces|instructions,0,0
8115,reduces|integration,0,0
8116,reduces|intent,0,0
8117,reduces|is,0,0
8118,reduces|isolates,0,0
8119,reduces|license,0,0
8120,reduces|line,0,0
8121,reduces|lists,0,0
8122,reduces|message,0,0
8123,reduces|mkdocs,0,0
8124,reduces|noise,4.3188,-0.0400
8125,reduces|of,0,0
8126,reduces|on,0,0
8127,reduces|permissions,0,0
8128,reduces|portability,0,0
8129,reduces|prevents,0,0
8130,reduces|project,0,0
8131,reduces|proposes,0,0
8132,reduces|protects,0,0
8133,reduces|provides,0,0
8134,reduces|pull,0,0
8135,reduces|purpose,0,0
8136,reduces|pyproject,0,0
8137,reduces|quality,0,0
8138,reduces|readme,0,0
8139,reduces|records,0,0
8140,reduces|reduces,0,0
8141,reduces|refactoring,0,0
8142,reduces|reliability,0,0
8143,reduces|repository,0,0
8144,reduces|reproducibility,0,0
8145,reduces|request,0,0
8146,reduces|reuse,0,0
8147,reduces|review,0,0
8148,reduces|risk,4.3188,-0.0400
8149,reduces|runs,0,0
8150,reduces|secrets,0,0
8151,reduces|separates,0,0
8152,reduces|snapshot,0,0
8153,reduces|source,0,0
8154,reduces|src,0,0
8155,reduces|standards,0,0
8156,reduces|states,0,0
8157,reduces|structure,0,0
8158,reduces|supports,0,0
8159,reduces|system,0,0
8160,reduces|tasks,0,0
8161,reduces|terms,0,0
8162,reduces|test,0,0
8163,reduces|tests,0,0
8164,reduces|toml,0,0
8165,reduces|tools,0,0
8166,reduces|tracked,0,0
8167,reduces|tracks,0,0
8168,reduces|usability,0,0
8169,reduces|verifies,0,0
8170,reduces|version,0,0
8171,reduces|virtual,0,0
8172,reduces|with,0,0
8173,reduces|work,0,0
8174,reduces|workflow,0,0
8175,refactoring|a,-0.0400,-0.0400
8176,refactoring|and,0,0
8177,refactoring|authors,0,0
8178,refactoring|automates,0,0
8179,refactoring|behavior,0,0
8180,refactoring|branch,0,0
8181,refactoring|changes,0,0
8182,refactoring|checks,0,0
8183,refactoring|code,0,0
8184,refactoring|collaboration,0,0
8185,refactoring|collection,0,0
8186,refactoring|commit,0,0
8187,refactoring|committing,0,0
8188,refactoring|configures,0,0
8189,refactoring|conflicts,0,0
8190,refactoring|consistency,0,0
8191,refactoring|contains,0,0
8192,refactoring|continuous,0,0
8193,refactoring|control,0,0
8194,refactoring|controls,0,0
8195,refactoring|data,0,0
8196,refactoring|defines,0,0
8197,refactoring|dependencies,0,0
8198,refactoring|describes,0,0
8199,refactoring|detects,0,0
8200,refactoring|docs,0,0
8201,refactoring|documentation,0,0
8202,refactoring|documents,0,0
8203,refactoring|enables,0,0
8204,refactoring|endings,0,0
8205,refactoring|enforces,0,0
8206,refactoring|ensures,0,0
8207,refactoring|environment,0,0
8208,refactoring|errors,0,0
8209,refactoring|events,0,0
8210,refactoring|experimentation,0,0
8211,refactoring|explains,0,0
8212,refactoring|file,0,0
8213,refactoring|files,0,0
8214,refactoring|folder,0,0
8215,refactoring|from,0,0
8216,refactoring|git,0,0
8217,refactoring|gitattributes,0,0
8218,refactoring|gitignore,0,0
8219,refactoring|history,0,0
8220,refactoring|ignored,0,0
8221,refactoring|improves,0,0
8222,refactoring|includes,0,0
8223,refactoring|instructions,0,0
8224,refactoring|integration,0,0
8225,refactoring|intent,0,0
8226,refactoring|is,0,0
8227,refactoring|isolates,0,0
8228,refactoring|license,0,0
8229,refactoring|line,0,0
8230,refactoring|lists,0,0
8231,refactoring|message,0,0
8232,refactoring|mkdocs,0,0
8233,refactoring|noise,0,0
8234,refactoring|of,0,0
8235,refactoring|on,0,0
8236,refactoring|permissions,0,0
8237,refactoring|portability,0,0
8238,refactoring|prevents,0,0
8239,refactoring|project,0,0
8240,refactoring|proposes,0,0
8241,refactoring|protects,0,0
8242,refactoring|provides,0,0
8243,refactoring|pull,0,0
8244,refactoring|purpose,0,0
8245,refactoring|pyproject,0,0
8246,refactoring|quality,0,0
8247,refactoring|readme,0,0
8248,refactoring|records,0,0
8249,refactoring|reduces,0,0
8250,refactoring|refactoring,0,0
8251,refactoring|reliability,0,0
8252,refactoring|repository,0,0
8253,refactoring|reproducibility,0,0
8254,refactoring|request,0,0
8255,refactoring|reuse,0,0
8256,refactoring|review,0,0
8257,refactoring|risk,0,0
8258,refactoring|runs,0,0
8259,refactoring|secrets,0,0
8260,refactoring|separates,0,0
8261,refactoring|snapshot,0,0
8262,refactoring|source,0,0
8263,refactoring|src,0,0
8264,refactoring|standards,0,0
8265,refactoring|states,0,0
8266,refactoring|structure,0,0
8267,refactoring|supports,0,0
8268,refactoring|system,0,0
8269,refactoring|tasks,0,0
8270,refactoring|terms,0,0
8271,refactoring|test,0,0
8272,refactoring|tests,0,0
8273,refactoring|toml,0,0
8274,refactoring|tools,0,0
8275,refactoring|tracked,0,0
8276,refactoring|tracks,0,0
8277,refactoring|usability,0,0
8278,refactoring|verifies,0,0
8279,refactoring|version,0,0
8280,refactoring|virtual,0,0
8281,refactoring|with,0,0
8282,refactoring|work,0,0
8283,refactoring|workflow,0,0
8284,reliability|a,0,0
8285,reliability|and,0,0
8286,reliability|authors,0,0
8287,reliability|automates,0,0
8288,reliability|behavior,0,0
8289,reliability|branch,0,0
8290,reliability|changes,0,0
8291,reliability|checks,0,0
8292,reliability|code,0,0
8293,reliability|collaboration,0,0
8294,reliability|collection,0,0
8295,reliability|commit,0,0
8296,reliability|committing,0,0
8297,reliability|configures,0,0
8298,reliability|conflicts,0,0
8299,reliability|consistency,0,0
8300,reliability|contains,0,0
8301,reliability|continuous,0,0
8302,reliability|control,0,0
8303,reliability|controls,0,0
8304,reliability|data,0,0
8305,reliability|defines,0,0
8306,reliability|dependencies,0,0
8307,reliability|describes,0,0
8308,reliability|detects,0,0
8309,reliability|docs,0,0
8310,reliability|documentation,0,0
8311,reliability|documents,0,0
8312,reliability|enables,0,0
8313,reliability|endings,0,0
8314,reliability|enforces,0,0
8315,reliability|ensures,0,0
8316,reliability|environment,0,0
8317,reliability|errors,0,0
8318,reliability|events,0,0
8319,reliability|experimentation,0,0
8320,reliability|explains,0,0
8321,reliability|file,0,0
8322,reliability|files,0,0
8323,reliability|folder,0,0
8324,reliability|from,0,0
8325,reliability|git,0,0
8326,reliability|gitattributes,0,0
8327,reliability|gitignore,0,0
8328,reliability|history,0,0
8329,reliability|ignored,0,0
8330,reliability|improves,0,0
8331,reliability|includes,0,0
8332,reliability|instructions,0,0
8333,reliability|integration,0,0
8334,reliability|intent,0,0
8335,reliability|is,0,0
8336,reliability|isolates,0,0
8337,reliability|license,0,0
8338,reliability|line,0,0
8339,reliability|lists,0,0
8340,reliability|message,0,0
8341,reliability|mkdocs,0,0
8342,reliability|noise,0,0
8343,reliability|of,0,0
8344,reliability|on,0,0
8345,reliability|permissions,0,0
8346,reliability|portability,0,0
8347,reliability|prevents,0,0
8348,reliability|project,0,0
8349,reliability|proposes,0,0
8350,reliability|protects,0,0
8351,reliability|provides,0,0
8352,reliability|pull,0,0
8353,reliability|purpose,0,0
8354,reliability|pyproject,0,0
8355,reliability|quality,0,0
8356,reliability|readme,0,0
8357,reliability|records,0,0
8358,reliability|reduces,0,0
8359,reliability|refactoring,0,0
8360,reliability|reliability,0,0
8361,reliability|repository,0,0
8362,reliability|reproducibility,0,0
8363,reliability|request,0,0
8364,reliability|reuse,0,0
8365,reliability|review,0,0
8366,reliability|risk,0,0
8367,reliability|runs,0,0
8368,reliability|secrets,0,0
8369,reliability|separates,0,0
8370,reliability|snapshot,0,0
8371,reliability|source,0,0
8372,reliability|src,0,0
8373,reliability|standards,0,0
8374,reliability|states,0,0
8375,reliability|structure,0,0
8376,reliability|supports,0,0
8377,reliability|system,0,0
8378,reliability|tasks,0,0
8379,reliability|terms,0,0
8380,reliability|test,0,0
8381,reliability|tests,0,0
8382,reliability|toml,0,0
8383,reliability|tools,0,0
8384,reliability|tracked,0,0
8385,reliability|tracks,0,0
8386,reliability|usability,0,0
8387,reliability|verifies,0,0
8388,reliability|version,0,0
8389,reliability|virtual,0,0
8390,reliability|with,0,0
8391,reliability|work,0,0
8392,reliability|workflow,0,0
8393,repository|a,0,0
8394,repository|and,0,0
8395,repository|authors,0,0
8396,repository|automates,0,0
8397,repository|behavior,0,0
8398,repository|branch,0,0
8399,repository|changes,0,0
8400,repository|checks,0,0
8401,repository|code,0,0
8402,repository|collaboration,0,0
8403,repository|collection,0,0
8404,repository|commit,0,0
8405,repository|committing,0,0
8406,repository|configures,0,0
8407,repository|conflicts,0,0
8408,repository|consistency,0,0
8409,repository|contains,-0.0400,-0.0400
8410,repository|continuous,0,0
8411,repository|control,0,0
8412,repository|controls,0,0
8413,repository|data,0,0
8414,repository|defines,0,0
8415,repository|dependencies,0,0
8416,repository|describes,0,0
8417,repository|detects,0,0
8418,repository|docs,0,0
8419,repository|documentation,0,0
8420,repository|documents,0,0
8421,repository|enables,0,0
8422,repository|endings,0,0
8423,repository|enforces,0,0
8424,repository|ensures,0,0
8425,repository|environment,0,0
8426,repository|errors,0,0
8427,repository|events,0,0
8428,repository|experimentation,0,0
8429,repository|explains,0,0
8430,repository|file,0,0
8431,repository|files,0,0
8432,repository|folder,0,0
8433,repository|from,0,0
8434,repository|git,0,0
8435,repository|gitattributes,0,0
8436,repository|gitignore,0,0
8437,repository|history,0,0
8438,repository|ignored,0,0
8439,repository|improves,0,0
8440,repository|includes,0,0
8441,repository|instructions,0,0
8442,repository|integration,0,0
8443,repository|intent,0,0
8444,repository|is,3.9626,-0.0744
8445,repository|isolates,0,0
8446,repository|license,0,0
8447,repository|line,0,0
8448,repository|lists,0,0
8449,repository|message,0,0
8450,repository|mkdocs,0,0
8451,repository|noise,0,0
8452,repository|of,0,0
8453,repository|on,0,0
8454,repository|permissions,0,0
8455,repository|portability,0,0
8456,repository|prevents,0,0
8457,repository|project,0,0
8458,repository|proposes,0,0
8459,repository|protects,0,0
8460,repository|provides,0,0
8461,repository|pull,0,0
8462,repository|purpose,0,0
8463,repository|pyproject,0,0
8464,repository|quality,0,0
8465,repository|readme,0,0
8466,repository|records,0,0
8467,repository|reduces,0,0
8468,repository|refactoring,0,0
8469,repository|reliability,0,0
8470,repository|repository,0,0
8471,repository|reproducibility,0,0
8472,repository|request,0,0
8473,repository|reuse,0,0
8474,repository|review,0,0
8475,repository|risk,0,0
8476,repository|runs,0,0
8477,repository|secrets,0,0
8478,repository|separates,0,0
8479,repository|snapshot,0,0
8480,repository|source,0,0
8481,repository|src,0,0
8482,repository|standards,0,0
8483,repository|states,0,0
8484,repository|structure,0,0
8485,repository|supports,0,0
8486,repository|system,0,0
8487,repository|tasks,0,0
8488,repository|terms,0,0
8489,repository|test,0,0
8490,repository|tests,0,0
8491,repository|toml,0,0
8492,repository|tools,0,0
8493,repository|tracked,0,0
8494,repository|tracks,0,0
8495,repository|usability,0,0
8496,repository|verifies,0,0
8497,repository|version,0,0
8498,repository|virtual,0,0
8499,repository|with,0,0
8500,repository|work,0,0
8501,repository|workflow,0,0
8502,reproducibility|a,-0.0400,-0.0400
8503,reproducibility|and,0,0
8504,reproducibility|authors,0,0
8505,reproducibility|automates,0,0
8506,reproducibility|behavior,0,0
8507,reproducibility|branch,0,0
8508,reproducibility|changes,0,0
8509,reproducibility|checks,0,0
8510,reproducibility|code,0,0
8511,reproducibility|collaboration,0,0
8512,reproducibility|collection,0,0
8513,reproducibility|commit,0,0
8514,reproducibility|committing,0,0
8515,reproducibility|configures,0,0
8516,reproducibility|conflicts,0,0
8517,reproducibility|consistency,0,0
8518,reproducibility|contains,0,0
8519,reproducibility|continuous,0,0
8520,reproducibility|control,0,0
8521,reproducibility|controls,0,0
8522,reproducibility|data,0,0
8523,reproducibility|defines,0,0
8524,reproducibility|dependencies,0,0
8525,reproducibility|describes,0,0
8526,reproducibility|detects,0,0
8527,reproducibility|docs,0,0
8528,reproducibility|documentation,0,0
8529,reproducibility|documents,0,0
8530,reproducibility|enables,0,0
8531,reproducibility|endings,0,0
8532,reproducibility|enforces,0,0
8533,reproducibility|ensures,0,0
8534,reproducibility|environment,0,0
8535,reproducibility|errors,0,0
8536,reproducibility|events,0,0
8537,reproducibility|experimentation,0,0
8538,reproducibility|explains,0,0
8539,reproducibility|file,0,0
8540,reproducibility|files,0,0
8541,reproducibility|folder,0,0
8542,reproducibility|from,0,0
8543,reproducibility|git,0,0
8544,reproducibility|gitattributes,0,0
8545,reproducibility|gitignore,0,0
8546,reproducibility|history,0,0
8547,reproducibility|ignored,0,0
8548,reproducibility|improves,0,0
8549,reproducibility|includes,0,0
8550,reproducibility|instructions,0,0
8551,reproducibility|integration,0,0
8552,reproducibility|intent,0,0
8553,reproducibility|is,0,0
8554,reproducibility|isolates,0,0
8555,reproducibility|license,0,0
8556,reproducibility|line,0,0
8557,reproducibility|lists,0,0
8558,reproducibility|message,0,0
8559,reproducibility|mkdocs,0,0
8560,reproducibility|noise,0,0
8561,reproducibility|of,0,0
8562,reproducibility|on,0,0
8563,reproducibility|permissions,0,0
8564,reproducibility|portability,0,0
8565,reproducibility|prevents,0,0
8566,reproducibility|project,0,0
8567,reproducibility|proposes,0,0
8568,reproducibility|protects,0,0
8569,reproducibility|provides,0,0
8570,reproducibility|pull,0,0
8571,reproducibility|purpose,0,0
8572,reproducibility|pyproject,0,0
8573,reproducibility|quality,0,0
8574,reproducibility|readme,0,0
8575,reproducibility|records,0,0
8576,reproducibility|reduces,0,0
8577,reproducibility|refactoring,0,0
8578,reproducibility|reliability,0,0
8579,reproducibility|repository,0,0
8580,reproducibility|reproducibility,0,0
8581,reproducibility|request,0,0
8582,reproducibility|reuse,0,0
8583,reproducibility|review,0,0
8584,reproducibility|risk,0,0
8585,reproducibility|runs,0,0
8586,reproducibility|secrets,0,0
8587,reproducibility|separates,0,0
8588,reproducibility|snapshot,0,0
8589,reproducibility|source,0,0
8590,reproducibility|src,0,0
8591,reproducibility|standards,0,0
8592,reproducibility|states,0,0
8593,reproducibility|structure,0,0
8594,reproducibility|supports,0,0
8595,reproducibility|system,0,0
8596,reproducibility|tasks,0,0
8597,reproducibility|terms,0,0
8598,reproducibility|test,0,0
8599,reproducibility|tests,0,0
8600,reproducibility|toml,0,0
8601,reproducibility|tools,0,0
8602,reproducibility|tracked,0,0
8603,reproducibility|tracks,0,0
8604,reproducibility|usability,0,0
8605,reproducibility|verifies,0,0
8606,reproducibility|version,0,0
8607,reproducibility|virtual,0,0
8608,reproducibility|with,0,0
8609,reproducibility|work,0,0
8610,reproducibility|workflow,0,0
8611,request|a,0,0
8612,request|and,0,0
8613,request|authors,0,0
8614,request|automates,0,0
8615,request|behavior,0,0
8616,request|branch,0,0
8617,request|changes,0,0
8618,request|checks,0,0
8619,request|code,0,0
8620,request|collaboration,0,0
8621,request|collection,0,0
8622,request|commit,0,0
8623,request|committing,0,0
8624,request|configures,0,0
8625,request|conflicts,0,0
8626,request|consistency,0,0
8627,request|contains,0,0
8628,request|continuous,0,0
8629,request|control,0,0
8630,request|controls,0,0
8631,request|data,0,0
8632,request|defines,0,0
8633,request|dependencies,0,0
8634,request|describes,0,0
8635,request|detects,0,0
8636,request|docs,0,0
8637,request|documentation,0,0
8638,request|documents,0,0
8639,request|enables,-0.0400,-0.0400
8640,request|endings,0,0
8641,request|enforces,0,0
8642,request|ensures,0,0
8643,request|environment,0,0
8644,request|errors,0,0
8645,request|events,0,0
8646,request|experimentation,0,0
8647,request|explains,0,0
8648,request|file,0,0
8649,request|files,0,0
8650,request|folder,0,0
8651,request|from,0,0
8652,request|git,0,0
8653,request|gitattributes,0,0
8654,request|gitignore,0,0
8655,request|history,0,0
8656,request|ignored,0,0
8657,request|improves,-0.0400,-0.0400
8658,request|includes,0,0
8659,request|instructions,0,0
8660,request|integration,0,0
8661,request|intent,0,0
8662,request|is,0,0
8663,request|isolates,0,0
8664,request|license,0,0
8665,request|line,0,0
8666,request|lists,0,0
8667,request|message,0,0
8668,request|mkdocs,0,0
8669,request|noise,0,0
8670,request|of,0,0
8671,request|on,0,0
8672,request|permissions,0,0
8673,request|portability,0,0
8674,request|prevents,0,0
8675,request|project,0,0
8676,request|proposes,-0.0400,-0.0400
8677,request|protects,0,0
8678,request|provides,0,0
8679,request|pull,0,0
8680,request|purpose,0,0
8681,request|pyproject,0,0
8682,request|quality,0,0
8683,request|readme,0,0
8684,request|records,0,0
8685,request|reduces,0,0
8686,request|refactoring,0,0
8687,request|reliability,0,0
8688,request|repository,0,0
8689,request|reproducibility,0,0
8690,request|request,0,0
8691,request|reuse,0,0
8692,request|review,0,0
8693,request|risk,0,0
8694,request|runs,0,0
8695,request|secrets,0,0
8696,request|separates,0,0
8697,request|snapshot,0,0
8698,request|source,0,0
8699,request|src,0,0
8700,request|standards,0,0
8701,request|states,0,0
8702,request|structure,0,0
8703,request|supports,0,0
8704,request|system,0,0
8705,request|tasks,0,0
8706,request|terms,0,0
8707,request|test,0,0
8708,request|tests,0,0
8709,request|toml,0,0
8710,request|tools,0,0
8711,request|tracked,0,0
8712,request|tracks,0,0
8713,request|usability,0,0
8714,request|verifies,0,0
8715,request|version,0,0
8716,request|virtual,0,0
8717,request|with,0,0
8718,request|work,0,0
8719,request|workflow,0,0
8720,reuse|a,0,0
8721,reuse|and,0,0
8722,reuse|authors,0,0
8723,reuse|automates,0,0
8724,reuse|behavior,0,0
8725,reuse|branch,0,0
8726,reuse|changes,0,0
8727,reuse|checks,0,0
8728,reuse|code,0,0
8729,reuse|collaboration,0,0
8730,reuse|collection,0,0
8731,reuse|commit,0,0
8732,reuse|committing,0,0
8733,reuse|configures,0,0
8734,reuse|conflicts,0,0
8735,reuse|consistency,0,0
8736,reuse|contains,0,0
8737,reuse|continuous,0,0
8738,reuse|control,0,0
8739,reuse|controls,0,0
8740,reuse|data,0,0
8741,reuse|defines,0,0
8742,reuse|dependencies,0,0
8743,reuse|describes,0,0
8744,reuse|detects,0,0
8745,reuse|docs,0,0
8746,reuse|documentation,0,0
8747,reuse|documents,0,0
8748,reuse|enables,0,0
8749,reuse|endings,0,0
8750,reuse|enforces,0,0
8751,reuse|ensures,0,0
8752,reuse|environment,0,0
8753,reuse|errors,0,0
8754,reuse|events,0,0
8755,reuse|experimentation,0,0
8756,reuse|explains,0,0
8757,reuse|file,0,0
8758,reuse|files,0,0
8759,reuse|folder,0,0
8760,reuse|from,0,0
8761,reuse|git,0,0
8762,reuse|gitattributes,0,0
8763,reuse|gitignore,0,0
8764,reuse|history,0,0
8765,reuse|ignored,0,0
8766,reuse|improves,0,0
8767,reuse|includes,0,0
8768,reuse|instructions,0,0
8769,reuse|integration,0,0
8770,reuse|intent,0,0
8771,reuse|is,0,0
8772,reuse|isolates,0,0
8773,reuse|license,0,0
8774,reuse|line,0,0
8775,reuse|lists,0,0
8776,reuse|message,0,0
8777,reuse|mkdocs,0,0
8778,reuse|noise,0,0
8779,reuse|of,0,0
8780,reuse|on,0,0
8781,reuse|permissions,0,0
8782,reuse|portability,0,0
8783,reuse|prevents,0,0
8784,reuse|project,0,0
8785,reuse|proposes,0,0
8786,reuse|protects,0,0
8787,reuse|provides,0,0
8788,reuse|pull,0,0
8789,reuse|purpose,0,0
8790,reuse|pyproject,0,0
8791,reuse|quality,0,0
8792,reuse|readme,0,0
8793,reuse|records,0,0
8794,reuse|reduces,0,0
8795,reuse|refactoring,0,0
8796,reuse|reliability,0,0
8797,reuse|repository,0,0
8798,reuse|reproducibility,0,0
8799,reuse|request,0,0
8800,reuse|reuse,0,0
8801,reuse|review,0,0
8802,reuse|risk,0,0
8803,reuse|runs,0,0
8804,reuse|secrets,0,0
8805,reuse|separates,0,0
8806,reuse|snapshot,0,0
8807,reuse|source,0,0
8808,reuse|src,0,0
8809,reuse|standards,0,0
8810,reuse|states,0,0
8811,reuse|structure,0,0
8812,reuse|supports,0,0
8813,reuse|system,0,0
8814,reuse|tasks,0,0
8815,reuse|terms,4.3188,-0.0400
8816,reuse|test,0,0
8817,reuse|tests,0,0
8818,reuse|toml,0,0
8819,reuse|tools,0,0
8820,reuse|tracked,0,0
8821,reuse|tracks,0,0
8822,reuse|usability,0,0
8823,reuse|verifies,0,0
8824,reuse|version,0,0
8825,reuse|virtual,0,0
8826,reuse|with,0,0
8827,reuse|work,0,0
8828,reuse|workflow,0,0
8829,review|a,-0.0400,-0.0400
8830,review|and,0,0
8831,review|authors,0,0
8832,review|automates,0,0
8833,review|behavior,0,0
8834,review|branch,0,0
8835,review|changes,0,0
8836,review|checks,0,0
8837,review|code,0,0
8838,review|collaboration,0,0
8839,review|collection,0,0
8840,review|commit,0,0
8841,review|committing,0,0
8842,review|configures,0,0
8843,review|conflicts,0,0
8844,review|consistency,0,0
8845,review|contains,0,0
8846,review|continuous,0,0
8847,review|control,0,0
8848,review|controls,0,0
8849,review|data,0,0
8850,review|defines,0,0
8851,review|dependencies,0,0
8852,review|describes,0,0
8853,review|detects,0,0
8854,review|docs,0,0
8855,review|documentation,0,0
8856,review|documents,0,0
8857,review|enables,0,0
8858,review|endings,0,0
8859,review|enforces,0,0
8860,review|ensures,0,0
8861,review|environment,0,0
8862,review|errors,0,0
8863,review|events,0,0
8864,review|experimentation,0,0
8865,review|explains,0,0
8866,review|file,0,0
8867,review|files,0,0
8868,review|folder,0,0
8869,review|from,0,0
8870,review|git,0,0
8871,review|gitattributes,0,0
8872,review|gitignore,0,0
8873,review|history,0,0
8874,review|ignored,0,0
8875,review|improves,0,0
8876,review|includes,0,0
8877,review|instructions,0,0
8878,review|integration,0,0
8879,review|intent,0,0
8880,review|is,0,0
8881,review|isolates,0,0
8882,review|license,0,0
8883,review|line,0,0
8884,review|lists,0,0
8885,review|message,0,0
8886,review|mkdocs,0,0
8887,review|noise,0,0
8888,review|of,0,0
8889,review|on,0,0
8890,review|permissions,0,0
8891,review|portability,0,0
8892,review|prevents,0,0
8893,review|project,0,0
8894,review|proposes,0,0
8895,review|protects,0,0
8896,review|provides,0,0
8897,review|pull,0,0
8898,review|purpose,0,0
8899,review|pyproject,0,0
8900,review|quality,0,0
8901,review|readme,0,0
8902,review|records,0,0
8903,review|reduces,0,0
8904,review|refactoring,0,0
8905,review|reliability,0,0
8906,review|repository,0,0
8907,review|reproducibility,0,0
8908,review|request,0,0
8909,review|reuse,0,0
8910,review|review,0,0
8911,review|risk,0,0
8912,review|runs,0,0
8913,review|secrets,0,0
8914,review|separates,0,0
8915,review|snapshot,0,0
8916,review|source,0,0
8917,review|src,0,0
8918,review|standards,0,0
8919,review|states,0,0
8920,review|structure,0,0
8921,review|supports,0,0
8922,review|system,0,0
8923,review|tasks,0,0
8924,review|terms,0,0
8925,review|test,0,0
8926,review|tests,0,0
8927,review|toml,0,0
8928,review|tools,0,0
8929,review|tracked,0,0
8930,review|tracks,0,0
8931,review|usability,0,0
8932,review|verifies,0,0
8933,review|version,0,0
8934,review|virtual,0,0
8935,review|with,0,0
8936,review|work,0,0
8937,review|workflow,0,0
8938,risk|a,-0.0400,-0.0400
8939,risk|and,0,0
8940,risk|authors,0,0
8941,risk|automates,0,0
8942,risk|behavior,0,0
8943,risk|branch,0,0
8944,risk|changes,0,0
8945,risk|checks,0,0
8946,risk|code,0,0
8947,risk|collaboration,0,0
8948,risk|collection,0,0
8949,risk|commit,0,0
8950,risk|committing,0,0
8951,risk|configures,0,0
8952,risk|conflicts,0,0
8953,risk|consistency,0,0
8954,risk|contains,0,0
8955,risk|continuous,0,0
8956,risk|control,0,0
8957,risk|controls,0,0
8958,risk|data,0,0
8959,risk|defines,0,0
8960,risk|dependencies,0,0
8961,risk|describes,0,0
8962,risk|detects,0,0
8963,risk|docs,0,0
8964,risk|documentation,0,0
8965,risk|documents,0,0
8966,risk|enables,0,0
8967,risk|endings,0,0
8968,risk|enforces,0,0
8969,risk|ensures,0,0
8970,risk|environment,0,0
8971,risk|errors,0,0
8972,risk|events,0,0
8973,risk|experimentation,0,0
8974,risk|explains,0,0
8975,risk|file,0,0
8976,risk|files,0,0
8977,risk|folder,0,0
8978,risk|from,0,0
8979,risk|git,0,0
8980,risk|gitattributes,0,0
8981,risk|gitignore,0,0
8982,risk|history,0,0
8983,risk|ignored,0,0
8984,risk|improves,0,0
8985,risk|includes,0,0
8986,risk|instructions,0,0
8987,risk|integration,0,0
8988,risk|intent,0,0
8989,risk|is,0,0
8990,risk|isolates,0,0
8991,risk|license,0,0
8992,risk|line,0,0
8993,risk|lists,0,0
8994,risk|message,0,0
8995,risk|mkdocs,0,0
8996,risk|noise,0,0
8997,risk|of,0,0
8998,risk|on,0,0
8999,risk|permissions,0,0
9000,risk|portability,0,0
9001,risk|prevents,0,0
9002,risk|project,0,0
9003,risk|proposes,0,0
9004,risk|protects,0,0
9005,risk|provides,0,0
9006,risk|pull,0,0
9007,risk|purpose,0,0
9008,risk|pyproject,0,0
9009,risk|quality,0,0
9010,risk|readme,0,0
9011,risk|records,0,0
9012,risk|reduces,0,0
9013,risk|refactoring,0,0
9014,risk|reliability,0,0
9015,risk|repository,0,0
9016,risk|reproducibility,0,0
9017,risk|request,0,0
9018,risk|reuse,0,0
9019,risk|review,0,0
9020,risk|risk,0,0
9021,risk|runs,0,0
9022,risk|secrets,0,0
9023,risk|separates,0,0
9024,risk|snapshot,0,0
9025,risk|source,0,0
9026,risk|src,0,0
9027,risk|standards,0,0
9028,risk|states,0,0
9029,risk|structure,0,0
9030,risk|supports,0,0
9031,risk|system,0,0
9032,risk|tasks,0,0
9033,risk|terms,0,0
9034,risk|test,0,0
9035,risk|tests,0,0
9036,risk|toml,0,0
9037,risk|tools,0,0
9038,risk|tracked,0,0
9039,risk|tracks,0,0
9040,risk|usability,0,0
9041,risk|verifies,0,0
9042,risk|version,0,0
9043,risk|virtual,0,0
9044,risk|with,0,0
9045,risk|work,0,0
9046,risk|workflow,0,0
9047,runs|a,0,0
9048,runs|and,0,0
9049,runs|authors,0,0
9050,runs|automates,0,0
9051,runs|behavior,0,0
9052,runs|branch,0,0
9053,runs|changes,0,0
9054,runs|checks,-0.0400,-0.0400
9055,runs|code,0,0
9056,runs|collaboration,0,0
9057,runs|collection,0,0
9058,runs|commit,0,0
9059,runs|committing,0,0
9060,runs|configures,0,0
9061,runs|conflicts,0,0
9062,runs|consistency,0,0
9063,runs|contains,0,0
9064,runs|continuous,0,0
9065,runs|control,0,0
9066,runs|controls,0,0
9067,runs|data,0,0
9068,runs|defines,0,0
9069,runs|dependencies,0,0
9070,runs|describes,0,0
9071,runs|detects,0,0
9072,runs|docs,0,0
9073,runs|documentation,0,0
9074,runs|documents,0,0
9075,runs|enables,0,0
9076,runs|endings,0,0
9077,runs|enforces,0,0
9078,runs|ensures,0,0
9079,runs|environment,0,0
9080,runs|errors,0,0
9081,runs|events,0,0
9082,runs|experimentation,0,0
9083,runs|explains,0,0
9084,runs|file,0,0
9085,runs|files,0,0
9086,runs|folder,0,0
9087,runs|from,0,0
9088,runs|git,0,0
9089,runs|gitattributes,0,0
9090,runs|gitignore,0,0
9091,runs|history,0,0
9092,runs|ignored,0,0
9093,runs|improves,0,0
9094,runs|includes,0,0
9095,runs|instructions,0,0
9096,runs|integration,0,0
9097,runs|intent,0,0
9098,runs|is,0,0
9099,runs|isolates,0,0
9100,runs|license,0,0
9101,runs|line,0,0
9102,runs|lists,0,0
9103,runs|message,0,0
9104,runs|mkdocs,0,0
9105,runs|noise,0,0
9106,runs|of,0,0
9107,runs|on,-0.0400,-0.0400
9108,runs|permissions,0,0
9109,runs|portability,0,0
9110,runs|prevents,0,0
9111,runs|project,0,0
9112,runs|proposes,0,0
9113,runs|protects,0,0
9114,runs|provides,0,0
9115,runs|pull,0,0
9116,runs|purpose,0,0
9117,runs|pyproject,0,0
9118,runs|quality,0,0
9119,runs|readme,0,0
9120,runs|records,0,0
9121,runs|reduces,0,0
9122,runs|refactoring,0,0
9123,runs|reliability,0,0
9124,runs|repository,0,0
9125,runs|reproducibility,0,0
9126,runs|request,0,0
9127,runs|reuse,0,0
9128,runs|review,0,0
9129,runs|risk,0,0
9130,runs|runs,0,0
9131,runs|secrets,0,0
9132,runs|separates,0,0
9133,runs|snapshot,0,0
9134,runs|source,0,0
9135,runs|src,0,0
9136,runs|standards,0,0
9137,runs|states,0,0
9138,runs|structure,0,0
9139,runs|supports,0,0
9140,runs|system,0,0
9141,runs|tasks,0,0
9142,runs|terms,0,0
9143,runs|test,0,0
9144,runs|tests,0,0
9145,runs|toml,0,0
9146,runs|tools,0,0
9147,runs|tracked,0,0
9148,runs|tracks,0,0
9149,runs|usability,0,0
9150,runs|verifies,0,0
9151,runs|version,0,0
9152,runs|virtual,0,0
9153,runs|with,0,0
9154,runs|work,0,0
9155,runs|workflow,0,0
9156,secrets|a,-0.0400,-0.0400
9157,secrets|and,0,0
9158,secrets|authors,0,0
9159,secrets|automates,0,0
9160,secrets|behavior,0,0
9161,secrets|branch,0,0
9162,secrets|changes,0,0
9163,secrets|checks,0,0
9164,secrets|code,0,0
9165,secrets|collaboration,0,0
9166,secrets|collection,0,0
9167,secrets|commit,0,0
9168,secrets|committing,0,0
9169,secrets|configures,0,0
9170,secrets|conflicts,0,0
9171,secrets|consistency,0,0
9172,secrets|contains,0,0
9173,secrets|continuous,0,0
9174,secrets|control,0,0
9175,secrets|controls,0,0
9176,secrets|data,0,0
9177,secrets|defines,0,0
9178,secrets|dependencies,0,0
9179,secrets|describes,0,0
9180,secrets|detects,0,0
9181,secrets|docs,0,0
9182,secrets|documentation,0,0
9183,secrets|documents,0,0
9184,secrets|enables,0,0
9185,secrets|endings,0,0
9186,secrets|enforces,0,0
9187,secrets|ensures,0,0
9188,secrets|environment,0,0
9189,secrets|errors,0,0
9190,secrets|events,0,0
9191,secrets|experimentation,0,0
9192,secrets|explains,0,0
9193,secrets|file,0,0
9194,secrets|files,0,0
9195,secrets|folder,0,0
9196,secrets|from,0,0
9197,secrets|git,0,0
9198,secrets|gitattributes,0,0
9199,secrets|gitignore,0,0
9200,secrets|history,0,0
9201,secrets|ignored,0,0
9202,secrets|improves,0,0
9203,secrets|includes,0,0
9204,secrets|instructions,0,0
9205,secrets|integration,0,0
9206,secrets|intent,0,0
9207,secrets|is,0,0
9208,secrets|isolates,0,0
9209,secrets|license,0,0
9210,secrets|line,0,0
9211,secrets|lists,0,0
9212,secrets|message,0,0
9213,secrets|mkdocs,0,0
9214,secrets|noise,0,0
9215,secrets|of,0,0
9216,secrets|on,0,0
9217,secrets|permissions,0,0
9218,secrets|portability,0,0
9219,secrets|prevents,0,0
9220,secrets|project,0,0
9221,secrets|proposes,0,0
9222,secrets|protects,0,0
9223,secrets|provides,0,0
9224,secrets|pull,0,0
9225,secrets|purpose,0,0
9226,secrets|pyproject,0,0
9227,secrets|quality,0,0
9228,secrets|readme,0,0
9229,secrets|records,0,0
9230,secrets|reduces,0,0
9231,secrets|refactoring,0,0
9232,secrets|reliability,0,0
9233,secrets|repository,0,0
9234,secrets|reproducibility,0,0
9235,secrets|request,0,0
9236,secrets|reuse,0,0
9237,secrets|review,0,0
9238,secrets|risk,0,0
9239,secrets|runs,0,0
9240,secrets|secrets,0,0
9241,secrets|separates,0,0
9242,secrets|snapshot,0,0
9243,secrets|source,0,0
9244,secrets|src,0,0
9245,secrets|standards,0,0
9246,secrets|states,0,0
9247,secrets|structure,0,0
9248,secrets|supports,0,0
9249,secrets|system,0,0
9250,secrets|tasks,0,0
9251,secrets|terms,0,0
9252,secrets|test,0,0
9253,secrets|tests,0,0
9254,secrets|toml,0,0
9255,secrets|tools,0,0
9256,secrets|tracked,0,0
9257,secrets|tracks,0,0
9258,secrets|usability,0,0
9259,secrets|verifies,0,0
9260,secrets|version,0,0
9261,secrets|virtual,0,0
9262,secrets|with,0,0
9263,secrets|work,0,0
9264,secrets|workflow,0,0
9265,separates|a,0,0
9266,separates|and,0,0
9267,separates|authors,0,0
9268,separates|automates,0,0
9269,separates|behavior,0,0
9270,separates|branch,0,0
9271,separates|changes,0,0
9272,separates|checks,0,0
9273,separates|code,-0.0400,-0.0400
9274,separates|collaboration,0,0
9275,separates|collection,0,0
9276,separates|commit,0,0
9277,separates|committing,0,0
9278,separates|configures,0,0
9279,separates|conflicts,0,0
9280,separates|consistency,0,0
9281,separates|contains,0,0
9282,separates|continuous,0,0
9283,separates|control,0,0
9284,separates|controls,0,0
9285,separates|data,0,0
9286,separates|defines,0,0
9287,separates|dependencies,0,0
9288,separates|describes,0,0
9289,separates|detects,0,0
9290,separates|docs,0,0
9291,separates|documentation,0,0
9292,separates|documents,0,0
9293,separates|enables,0,0
9294,separates|endings,0,0
9295,separates|enforces,0,0
9296,separates|ensures,0,0
9297,separates|environment,0,0
9298,separates|errors,0,0
9299,separates|events,0,0
9300,separates|experimentation,0,0
9301,separates|explains,0,0
9302,separates|file,0,0
9303,separates|files,0,0
9304,separates|folder,0,0
9305,separates|from,0,0
9306,separates|git,0,0
9307,separates|gitattributes,0,0
9308,separates|gitignore,0,0
9309,separates|history,0,0
9310,separates|ignored,0,0
9311,separates|improves,0,0
9312,separates|includes,0,0
9313,separates|instructions,0,0
9314,separates|integration,0,0
9315,separates|intent,0,0
9316,separates|is,0,0
9317,separates|isolates,0,0
9318,separates|license,0,0
9319,separates|line,0,0
9320,separates|lists,0,0
9321,separates|message,0,0
9322,separates|mkdocs,0,0
9323,separates|noise,0,0
9324,separates|of,0,0
9325,separates|on,0,0
9326,separates|permissions,0,0
9327,separates|portability,0,0
9328,separates|prevents,0,0
9329,separates|project,0,0
9330,separates|proposes,0,0
9331,separates|protects,0,0
9332,separates|provides,0,0
9333,separates|pull,0,0
9334,separates|purpose,0,0
9335,separates|pyproject,0,0
9336,separates|quality,0,0
9337,separates|readme,0,0
9338,separates|records,0,0
9339,separates|reduces,0,0
9340,separates|refactoring,0,0
9341,separates|reliability,0,0
9342,separates|repository,0,0
9343,separates|reproducibility,0,0
9344,separates|request,0,0
9345,separates|reuse,0,0
9346,separates|review,0,0
9347,separates|risk,0,0
9348,separates|runs,0,0
9349,separates|secrets,0,0
9350,separates|separates,0,0
9351,separates|snapshot,0,0
9352,separates|source,0,0
9353,separates|src,0,0
9354,separates|standards,0,0
9355,separates|states,0,0
9356,separates|structure,0,0
9357,separates|supports,0,0
9358,separates|system,0,0
9359,separates|tasks,0,0
9360,separates|terms,0,0
9361,separates|test,0,0
9362,separates|tests,0,0
9363,separates|toml,0,0
9364,separates|tools,0,0
9365,separates|tracked,0,0
9366,separates|tracks,0,0
9367,separates|usability,0,0
9368,separates|verifies,0,0
9369,separates|version,0,0
9370,separates|virtual,0,0
9371,separates|with,0,0
9372,separates|work,0,0
9373,separates|workflow,0,0
9374,snapshot|a,-0.0400,-0.0400
9375,snapshot|and,0,0
9376,snapshot|authors,0,0
9377,snapshot|automates,0,0
9378,snapshot|behavior,0,0
9379,snapshot|branch,0,0
9380,snapshot|changes,0,0
9381,snapshot|checks,0,0
9382,snapshot|code,0,0
9383,snapshot|collaboration,0,0
9384,snapshot|collection,0,0
9385,snapshot|commit,0,0
9386,snapshot|committing,0,0
9387,snapshot|configures,0,0
9388,snapshot|conflicts,0,0
9389,snapshot|consistency,0,0
9390,snapshot|contains,0,0
9391,snapshot|continuous,0,0
9392,snapshot|control,0,0
9393,snapshot|controls,0,0
9394,snapshot|data,0,0
9395,snapshot|defines,0,0
9396,snapshot|dependencies,0,0
9397,snapshot|describes,0,0
9398,snapshot|detects,0,0
9399,snapshot|docs,0,0
9400,snapshot|documentation,0,0
9401,snapshot|documents,0,0
9402,snapshot|enables,0,0
9403,snapshot|endings,0,0
9404,snapshot|enforces,0,0
9405,snapshot|ensures,0,0
9406,snapshot|environment,0,0
9407,snapshot|errors,0,0
9408,snapshot|events,0,0
9409,snapshot|experimentation,0,0
9410,snapshot|explains,0,0
9411,snapshot|file,0,0
9412,snapshot|files,0,0
9413,snapshot|folder,0,0
9414,snapshot|from,0,0
9415,snapshot|git,0,0
9416,snapshot|gitattributes,0,0
9417,snapshot|gitignore,0,0
9418,snapshot|history,0,0
9419,snapshot|ignored,0,0
9420,snapshot|improves,0,0
9421,snapshot|includes,0,0
9422,snapshot|instructions,0,0
9423,snapshot|integration,0,0
9424,snapshot|intent,0,0
9425,snapshot|is,0,0
9426,snapshot|isolates,0,0
9427,snapshot|license,0,0
9428,snapshot|line,0,0
9429,snapshot|lists,0,0
9430,snapshot|message,0,0
9431,snapshot|mkdocs,0,0
9432,snapshot|noise,0,0
9433,snapshot|of,0,0
9434,snapshot|on,0,0
9435,snapshot|permissions,0,0
9436,snapshot|portability,0,0
9437,snapshot|prevents,0,0
9438,snapshot|project,0,0
9439,snapshot|proposes,0,0
9440,snapshot|protects,0,0
9441,snapshot|provides,0,0
9442,snapshot|pull,0,0
9443,snapshot|purpose,0,0
9444,snapshot|pyproject,0,0
9445,snapshot|quality,0,0
9446,snapshot|readme,0,0
9447,snapshot|records,0,0
9448,snapshot|reduces,0,0
9449,snapshot|refactoring,0,0
9450,snapshot|reliability,0,0
9451,snapshot|repository,0,0
9452,snapshot|reproducibility,0,0
9453,snapshot|request,0,0
9454,snapshot|reuse,0,0
9455,snapshot|review,0,0
9456,snapshot|risk,0,0
9457,snapshot|runs,0,0
9458,snapshot|secrets,0,0
9459,snapshot|separates,0,0
9460,snapshot|snapshot,0,0
9461,snapshot|source,0,0
9462,snapshot|src,0,0
9463,snapshot|standards,0,0
9464,snapshot|states,0,0
9465,snapshot|structure,0,0
9466,snapshot|supports,0,0
9467,snapshot|system,0,0
9468,snapshot|tasks,0,0
9469,snapshot|terms,0,0
9470,snapshot|test,0,0
9471,snapshot|tests,0,0
9472,snapshot|toml,0,0
9473,snapshot|tools,0,0
9474,snapshot|tracked,0,0
9475,snapshot|tracks,0,0
9476,snapshot|usability,0,0
9477,snapshot|verifies,0,0
9478,snapshot|version,0,0
9479,snapshot|virtual,0,0
9480,snapshot|with,0,0
9481,snapshot|work,0,0
9482,snapshot|workflow,0,0
9483,source|a,0,0
9484,source|and,0,0
9485,source|authors,0,0
9486,source|automates,0,0
9487,source|behavior,0,0
9488,source|branch,0,0
9489,source|changes,0,0
9490,source|checks,0,0
9491,source|code,4.3188,-0.0400
9492,source|collaboration,0,0
9493,source|collection,0,0
9494,source|commit,0,0
9495,source|committing,0,0
9496,source|configures,0,0
9497,source|conflicts,0,0
9498,source|consistency,0,0
9499,source|contains,0,0
9500,source|continuous,0,0
9501,source|control,0,0
9502,source|controls,0,0
9503,source|data,0,0
9504,source|defines,0,0
9505,source|dependencies,0,0
9506,source|describes,0,0
9507,source|detects,0,0
9508,source|docs,0,0
9509,source|documentation,0,0
9510,source|documents,0,0
9511,source|enables,0,0
9512,source|endings,0,0
9513,source|enforces,0,0
9514,source|ensures,0,0
9515,source|environment,0,0
9516,source|errors,0,0
9517,source|events,0,0
9518,source|experimentation,0,0
9519,source|explains,0,0
9520,source|file,0,0
9521,source|files,0,0
9522,source|folder,0,0
9523,source|from,0,0
9524,source|git,0,0
9525,source|gitattributes,0,0
9526,source|gitignore,0,0
9527,source|history,0,0
9528,source|ignored,0,0
9529,source|improves,0,0
9530,source|includes,0,0
9531,source|instructions,0,0
9532,source|integration,0,0
9533,source|intent,0,0
9534,source|is,0,0
9535,source|isolates,0,0
9536,source|license,0,0
9537,source|line,0,0
9538,source|lists,0,0
9539,source|message,0,0
9540,source|mkdocs,0,0
9541,source|noise,0,0
9542,source|of,0,0
9543,source|on,0,0
9544,source|permissions,0,0
9545,source|portability,0,0
9546,source|prevents,0,0
9547,source|project,0,0
9548,source|proposes,0,0
9549,source|protects,0,0
9550,source|provides,0,0
9551,source|pull,0,0
9552,source|purpose,0,0
9553,source|pyproject,0,0
9554,source|quality,0,0
9555,source|readme,0,0
9556,source|records,0,0
9557,source|reduces,0,0
9558,source|refactoring,0,0
9559,source|reliability,0,0
9560,source|repository,0,0
9561,source|reproducibility,0,0
9562,source|request,0,0
9563,source|reuse,0,0
9564,source|review,0,0
9565,source|risk,0,0
9566,source|runs,0,0
9567,source|secrets,0,0
9568,source|separates,0,0
9569,source|snapshot,0,0
9570,source|source,0,0
9571,source|src,0,0
9572,source|standards,0,0
9573,source|states,0,0
9574,source|structure,0,0
9575,source|supports,0,0
9576,source|system,0,0
9577,source|tasks,0,0
9578,source|terms,0,0
9579,source|test,0,0
9580,source|tests,0,0
9581,source|toml,0,0
9582,source|tools,0,0
9583,source|tracked,0,0
9584,source|tracks,0,0
9585,source|usability,0,0
9586,source|verifies,0,0
9587,source|version,0,0
9588,source|virtual,0,0
9589,source|with,0,0
9590,source|work,0,0
9591,source|workflow,0,0
9592,src|a,0,0
9593,src|and,0,0
9594,src|authors,0,0
9595,src|automates,0,0
9596,src|behavior,0,0
9597,src|branch,0,0
9598,src|changes,0,0
9599,src|checks,0,0
9600,src|code,0,0
9601,src|collaboration,0,0
9602,src|collection,0,0
9603,src|commit,0,0
9604,src|committing,0,0
9605,src|configures,0,0
9606,src|conflicts,0,0
9607,src|consistency,0,0
9608,src|contains,0,0
9609,src|continuous,0,0
9610,src|control,0,0
9611,src|controls,0,0
9612,src|data,0,0
9613,src|defines,0,0
9614,src|dependencies,0,0
9615,src|describes,0,0
9616,src|detects,0,0
9617,src|docs,0,0
9618,src|documentation,0,0
9619,src|documents,0,0
9620,src|enables,0,0
9621,src|endings,0,0
9622,src|enforces,0,0
9623,src|ensures,0,0
9624,src|environment,0,0
9625,src|errors,0,0
9626,src|events,0,0
9627,src|experimentation,0,0
9628,src|explains,0,0
9629,src|file,0,0
9630,src|files,0,0
9631,src|folder,-0.1060,-0.1060
9632,src|from,0,0
9633,src|git,0,0
9634,src|gitattributes,0,0
9635,src|gitignore,0,0
9636,src|history,0,0
9637,src|ignored,0,0
9638,src|improves,0,0
9639,src|includes,0,0
9640,src|instructions,0,0
9641,src|integration,0,0
9642,src|intent,0,0
9643,src|is,0,0
9644,src|isolates,0,0
9645,src|license,0,0
9646,src|line,0,0
9647,src|lists,0,0
9648,src|message,0,0
9649,src|mkdocs,0,0
9650,src|noise,0,0
9651,src|of,0,0
9652,src|on,0,0
9653,src|permissions,0,0
9654,src|portability,0,0
9655,src|prevents,0,0
9656,src|project,0,0
9657,src|proposes,0,0
9658,src|protects,0,0
9659,src|provides,0,0
9660,src|pull,0,0
9661,src|purpose,0,0
9662,src|pyproject,0,0
9663,src|quality,0,0
9664,src|readme,0,0
9665,src|records,0,0
9666,src|reduces,0,0
9667,src|refactoring,0,0
9668,src|reliability,0,0
9669,src|repository,0,0
9670,src|reproducibility,0,0
9671,src|request,0,0
9672,src|reuse,0,0
9673,src|review,0,0
9674,src|risk,0,0
9675,src|runs,0,0
9676,src|secrets,0,0
9677,src|separates,0,0
9678,src|snapshot,0,0
9679,src|source,0,0
9680,src|src,0,0
9681,src|standards,0,0
9682,src|states,0,0
9683,src|structure,0,0
9684,src|supports,0,0
9685,src|system,0,0
9686,src|tasks,0,0
9687,src|terms,0,0
9688,src|test,0,0
9689,src|tests,0,0
9690,src|toml,0,0
9691,src|tools,0,0
9692,src|tracked,0,0
9693,src|tracks,0,0
9694,src|usability,0,0
9695,src|verifies,0,0
9696,src|version,0,0
9697,src|virtual,0,0
9698,src|with,0,0
9699,src|work,0,0
9700,src|workflow,0,0
9701,standards|a,0,0
9702,standards|and,0,0
9703,standards|authors,0,0
9704,standards|automates,0,0
9705,standards|behavior,0,0
9706,standards|branch,0,0
9707,standards|changes,0,0
9708,standards|checks,0,0
9709,standards|code,0,0
9710,standards|collaboration,0,0
9711,standards|collection,0,0
9712,standards|commit,0,0
9713,standards|committing,0,0
9714,standards|configures,0,0
9715,standards|conflicts,0,0
9716,standards|consistency,0,0
9717,standards|contains,0,0
9718,standards|continuous,-0.0400,-0.0400
9719,standards|control,0,0
9720,standards|controls,0,0
9721,standards|data,0,0
9722,standards|defines,0,0
9723,standards|dependencies,0,0
9724,standards|describes,0,0
9725,standards|detects,0,0
9726,standards|docs,0,0
9727,standards|documentation,0,0
9728,standards|documents,0,0
9729,standards|enables,0,0
9730,standards|endings,0,0
9731,standards|enforces,0,0
9732,standards|ensures,0,0
9733,standards|environment,0,0
9734,standards|errors,0,0
9735,standards|events,0,0
9736,standards|experimentation,0,0
9737,standards|explains,0,0
9738,standards|file,0,0
9739,standards|files,0,0
9740,standards|folder,0,0
9741,standards|from,0,0
9742,standards|git,0,0
9743,standards|gitattributes,0,0
9744,standards|gitignore,0,0
9745,standards|history,0,0
9746,standards|ignored,0,0
9747,standards|improves,0,0
9748,standards|includes,0,0
9749,standards|instructions,0,0
9750,standards|integration,0,0
9751,standards|intent,0,0
9752,standards|is,0,0
9753,standards|isolates,0,0
9754,standards|license,0,0
9755,standards|line,0,0
9756,standards|lists,0,0
9757,standards|message,0,0
9758,standards|mkdocs,0,0
9759,standards|noise,0,0
9760,standards|of,0,0
9761,standards|on,0,0
9762,standards|permissions,0,0
9763,standards|portability,0,0
9764,standards|prevents,0,0
9765,standards|project,0,0
9766,standards|proposes,0,0
9767,standards|protects,0,0
9768,standards|provides,0,0
9769,standards|pull,0,0
9770,standards|purpose,0,0
9771,standards|pyproject,0,0
9772,standards|quality,0,0
9773,standards|readme,0,0
9774,standards|records,0,0
9775,standards|reduces,0,0
9776,standards|refactoring,0,0
9777,standards|reliability,0,0
9778,standards|repository,0,0
9779,standards|reproducibility,0,0
9780,standards|request,0,0
9781,standards|reuse,0,0
9782,standards|review,0,0
9783,standards|risk,0,0
9784,standards|runs,0,0
9785,standards|secrets,0,0
9786,standards|separates,0,0
9787,standards|snapshot,0,0
9788,standards|source,0,0
9789,standards|src,0,0
9790,standards|standards,0,0
9791,standards|states,0,0
9792,standards|structure,0,0
9793,standards|supports,0,0
9794,standards|system,0,0
9795,standards|tasks,0,0
9796,standards|terms,0,0
9797,standards|test,0,0
9798,standards|tests,0,0
9799,standards|toml,0,0
9800,standards|tools,0,0
9801,standards|tracked,0,0
9802,standards|tracks,0,0
9803,standards|usability,0,0
9804,standards|verifies,0,0
9805,standards|version,0,0
9806,standards|virtual,0,0
9807,standards|with,0,0
9808,standards|work,0,0
9809,standards|workflow,0,0
9810,states|a,0,0
9811,states|and,0,0
9812,states|authors,0,0
9813,states|automates,0,0
9814,states|behavior,0,0
9815,states|branch,0,0
9816,states|changes,0,0
9817,states|checks,0,0
9818,states|code,0,0
9819,states|collaboration,0,0
9820,states|collection,0,0
9821,states|commit,0,0
9822,states|committing,0,0
9823,states|configures,0,0
9824,states|conflicts,0,0
9825,states|consistency,0,0
9826,states|contains,0,0
9827,states|continuous,0,0
9828,states|control,0,0
9829,states|controls,0,0
9830,states|data,0,0
9831,states|defines,0,0
9832,states|dependencies,0,0
9833,states|describes,0,0
9834,states|detects,0,0
9835,states|docs,0,0
9836,states|documentation,0,0
9837,states|documents,0,0
9838,states|enables,0,0
9839,states|endings,0,0
9840,states|enforces,0,0
9841,states|ensures,0,0
9842,states|environment,0,0
9843,states|errors,0,0
9844,states|events,0,0
9845,states|experimentation,0,0
9846,states|explains,0,0
9847,states|file,0,0
9848,states|files,0,0
9849,states|folder,0,0
9850,states|from,0,0
9851,states|git,0,0
9852,states|gitattributes,0,0
9853,states|gitignore,0,0
9854,states|history,0,0
9855,states|ignored,0,0
9856,states|improves,0,0
9857,states|includes,0,0
9858,states|instructions,0,0
9859,states|integration,0,0
9860,states|intent,0,0
9861,states|is,0,0
9862,states|isolates,0,0
9863,states|license,0,0
9864,states|line,0,0
9865,states|lists,0,0
9866,states|message,0,0
9867,states|mkdocs,0,0
9868,states|noise,0,0
9869,states|of,0,0
9870,states|on,0,0
9871,states|permissions,4.3188,-0.0400
9872,states|portability,0,0
9873,states|prevents,0,0
9874,states|project,0,0
9875,states|proposes,0,0
9876,states|protects,0,0
9877,states|provides,0,0
9878,states|pull,0,0
9879,states|purpose,0,0
9880,states|pyproject,0,0
9881,states|quality,0,0
9882,states|readme,0,0
9883,states|records,0,0
9884,states|reduces,0,0
9885,states|refactoring,0,0
9886,states|reliability,0,0
9887,states|repository,0,0
9888,states|reproducibility,0,0
9889,states|request,0,0
9890,states|reuse,0,0
9891,states|review,0,0
9892,states|risk,0,0
9893,states|runs,0,0
9894,states|secrets,0,0
9895,states|separates,0,0
9896,states|snapshot,0,0
9897,states|source,0,0
9898,states|src,0,0
9899,states|standards,0,0
9900,states|states,0,0
9901,states|structure,0,0
9902,states|supports,0,0
9903,states|system,0,0
9904,states|tasks,0,0
9905,states|terms,0,0
9906,states|test,0,0
9907,states|tests,0,0
9908,states|toml,0,0
9909,states|tools,0,0
9910,states|tracked,0,0
9911,states|tracks,0,0
9912,states|usability,0,0
9913,states|verifies,0,0
9914,states|version,0,0
9915,states|virtual,0,0
9916,states|with,0,0
9917,states|work,0,0
9918,states|workflow,0,0
9919,structure|a,-0.0400,-0.0400
9920,structure|and,0,0
9921,structure|authors,0,0
9922,structure|automates,0,0
9923,structure|behavior,0,0
9924,structure|branch,0,0
9925,structure|changes,0,0
9926,structure|checks,0,0
9927,structure|code,0,0
9928,structure|collaboration,0,0
9929,structure|collection,0,0
9930,structure|commit,0,0
9931,structure|committing,0,0
9932,structure|configures,0,0
9933,structure|conflicts,0,0
9934,structure|consistency,0,0
9935,structure|contains,0,0
9936,structure|continuous,0,0
9937,structure|control,0,0
9938,structure|controls,0,0
9939,structure|data,0,0
9940,structure|defines,0,0
9941,structure|dependencies,0,0
9942,structure|describes,0,0
9943,structure|detects,0,0
9944,structure|docs,0,0
9945,structure|documentation,0,0
9946,structure|documents,0,0
9947,structure|enables,0,0
9948,structure|endings,0,0
9949,structure|enforces,0,0
9950,structure|ensures,0,0
9951,structure|environment,0,0
9952,structure|errors,0,0
9953,structure|events,0,0
9954,structure|experimentation,0,0
9955,structure|explains,0,0
9956,structure|file,0,0
9957,structure|files,0,0
9958,structure|folder,0,0
9959,structure|from,0,0
9960,structure|git,0,0
9961,structure|gitattributes,0,0
9962,structure|gitignore,0,0
9963,structure|history,0,0
9964,structure|ignored,0,0
9965,structure|improves,0,0
9966,structure|includes,0,0
9967,structure|instructions,0,0
9968,structure|integration,0,0
9969,structure|intent,0,0
9970,structure|is,0,0
9971,structure|isolates,0,0
9972,structure|license,0,0
9973,structure|line,0,0
9974,structure|lists,0,0
9975,structure|message,0,0
9976,structure|mkdocs,0,0
9977,structure|noise,0,0
9978,structure|of,0,0
9979,structure|on,0,0
9980,structure|permissions,0,0
9981,structure|portability,0,0
9982,structure|prevents,0,0
9983,structure|project,0,0
9984,structure|proposes,0,0
9985,structure|protects,0,0
9986,structure|provides,0,0
9987,structure|pull,0,0
9988,structure|purpose,0,0
9989,structure|pyproject,0,0
9990,structure|quality,0,0
9991,structure|readme,0,0
9992,structure|records,0,0
9993,structure|reduces,0,0
9994,structure|refactoring,0,0
9995,structure|reliability,0,0
9996,structure|repository,0,0
9997,structure|reproducibility,0,0
9998,structure|request,0,0
9999,structure|reuse,0,0
10000,structure|review,0,0
10001,structure|risk,0,0
10002,structure|runs,0,0
10003,structure|secrets,0,0
10004,structure|separates,0,0
10005,structure|snapshot,0,0
10006,structure|source,0,0
10007,structure|src,0,0
10008,structure|standards,0,0
10009,structure|states,0,0
10010,structure|structure,0,0
10011,structure|supports,0,0
10012,structure|system,0,0
10013,structure|tasks,0,0
10014,structure|terms,0,0
10015,structure|test,0,0
10016,structure|tests,0,0
10017,structure|toml,0,0
10018,structure|tools,0,0
10019,structure|tracked,0,0
10020,structure|tracks,0,0
10021,structure|usability,0,0
10022,structure|verifies,0,0
10023,structure|version,0,0
10024,structure|virtual,0,0
10025,structure|with,0,0
10026,structure|work,0,0
10027,structure|workflow,0,0
10028,supports|a,0,0
10029,supports|and,0,0
10030,supports|authors,0,0
10031,supports|automates,0,0
10032,supports|behavior,0,0
10033,supports|branch,0,0
10034,supports|changes,0,0
10035,supports|checks,0,0
10036,supports|code,0,0
10037,supports|collaboration,4.3188,-0.0400
10038,supports|collection,0,0
10039,supports|commit,0,0
10040,supports|committing,0,0
10041,supports|configures,0,0
10042,supports|conflicts,0,0
10043,supports|consistency,0,0
10044,supports|contains,0,0
10045,supports|continuous,0,0
10046,supports|control,0,0
10047,supports|controls,0,0
10048,supports|data,0,0
10049,supports|defines,0,0
10050,supports|dependencies,0,0
10051,supports|describes,0,0
10052,supports|detects,0,0
10053,supports|docs,0,0
10054,supports|documentation,0,0
10055,supports|documents,0,0
10056,supports|enables,0,0
10057,supports|endings,0,0
10058,supports|enforces,0,0
10059,supports|ensures,0,0
10060,supports|environment,0,0
10061,supports|errors,0,0
10062,supports|events,0,0
10063,supports|experimentation,4.3188,-0.0400
10064,supports|explains,0,0
10065,supports|file,0,0
10066,supports|files,0,0
10067,supports|folder,0,0
10068,supports|from,0,0
10069,supports|git,0,0
10070,supports|gitattributes,0,0
10071,supports|gitignore,0,0
10072,supports|history,0,0
10073,supports|ignored,0,0
10074,supports|improves,0,0
10075,supports|includes,0,0
10076,supports|instructions,0,0
10077,supports|integration,0,0
10078,supports|intent,0,0
10079,supports|is,0,0
10080,supports|isolates,0,0
10081,supports|license,0,0
10082,supports|line,0,0
10083,supports|lists,0,0
10084,supports|message,0,0
10085,supports|mkdocs,4.3188,-0.0400
10086,supports|noise,0,0
10087,supports|of,0,0
10088,supports|on,0,0
10089,supports|permissions,0,0
10090,supports|portability,0,0
10091,supports|prevents,0,0
10092,supports|project,0,0
10093,supports|proposes,0,0
10094,supports|protects,0,0
10095,supports|provides,0,0
10096,supports|pull,0,0
10097,supports|purpose,0,0
10098,supports|pyproject,0,0
10099,supports|quality,0,0
10100,supports|readme,0,0
10101,supports|records,0,0
10102,supports|reduces,0,0
10103,supports|refactoring,4.3188,-0.0400
10104,supports|reliability,0,0
10105,supports|repository,0,0
10106,supports|reproducibility,4.3188,-0.0400
10107,supports|request,0,0
10108,supports|reuse,0,0
10109,supports|review,0,0
10110,supports|risk,0,0
10111,supports|runs,0,0
10112,supports|secrets,0,0
10113,supports|separates,0,0
10114,supports|snapshot,0,0
10115,supports|source,0,0
10116,supports|src,0,0
10117,supports|standards,0,0
10118,supports|states,0,0
10119,supports|structure,0,0
10120,supports|supports,0,0
10121,supports|system,0,0
10122,supports|tasks,0,0
10123,supports|terms,0,0
10124,supports|test,0,0
10125,supports|tests,0,0
10126,supports|toml,0,0
10127,supports|tools,0,0
10128,supports|tracked,0,0
10129,supports|tracks,0,0
10130,supports|usability,0,0
10131,supports|verifies,0,0
10132,supports|version,0,0
10133,supports|virtual,0,0
10134,supports|with,0,0
10135,supports|work,0,0
10136,supports|workflow,0,0
10137,system|a,0,0
10138,system|and,0,0
10139,system|authors,0,0
10140,system|automates,0,0
10141,system|behavior,0,0
10142,system|branch,0,0
10143,system|changes,0,0
10144,system|checks,0,0
10145,system|code,0,0
10146,system|collaboration,0,0
10147,system|collection,0,0
10148,system|commit,0,0
10149,system|committing,0,0
10150,system|configures,0,0
10151,system|conflicts,0,0
10152,system|consistency,0,0
10153,system|contains,0,0
10154,system|continuous,0,0
10155,system|control,0,0
10156,system|controls,0,0
10157,system|data,0,0
10158,system|defines,0,0
10159,system|dependencies,0,0
10160,system|describes,0,0
10161,system|detects,0,0
10162,system|docs,0,0
10163,system|documentation,0,0
10164,system|documents,0,0
10165,system|enables,0,0
10166,system|endings,0,0
10167,system|enforces,0,0
10168,system|ensures,0,0
10169,system|environment,0,0
10170,system|errors,0,0
10171,system|events,0,0
10172,system|experimentation,0,0
10173,system|explains,0,0
10174,system|file,0,0
10175,system|files,0,0
10176,system|folder,0,0
10177,system|from,0,0
10178,system|git,0,0
10179,system|gitattributes,0,0
10180,system|gitignore,0,0
10181,system|history,0,0
10182,system|ignored,0,0
10183,system|improves,0,0
10184,system|includes,0,0
10185,system|instructions,0,0
10186,system|integration,0,0
10187,system|intent,0,0
10188,system|is,0,0
10189,system|isolates,0,0
10190,system|license,0,0
10191,system|line,0,0
10192,system|lists,0,0
10193,system|message,0,0
10194,system|mkdocs,0,0
10195,system|noise,0,0
10196,system|of,0,0
10197,system|on,0,0
10198,system|permissions,0,0
10199,system|portability,0,0
10200,system|prevents,0,0
10201,system|project,0,0
10202,system|proposes,0,0
10203,system|protects,0,0
10204,system|provides,0,0
10205,system|pull,0,0
10206,system|purpose,0,0
10207,system|pyproject,0,0
10208,system|quality,0,0
10209,system|readme,0,0
10210,system|records,-0.0400,-0.0400
10211,system|reduces,0,0
10212,system|refactoring,0,0
10213,system|reliability,0,0
10214,system|repository,0,0
10215,system|reproducibility,0,0
10216,system|request,0,0
10217,system|reuse,0,0
10218,system|review,0,0
10219,system|risk,0,0
10220,system|runs,0,0
10221,system|secrets,0,0
10222,system|separates,0,0
10223,system|snapshot,0,0
10224,system|source,0,0
10225,system|src,0,0
10226,system|standards,0,0
10227,system|states,0,0
10228,system|structure,0,0
10229,system|supports,-0.0400,-0.0400
10230,system|system,0,0
10231,system|tasks,0,0
10232,system|terms,0,0
10233,system|test,0,0
10234,system|tests,0,0
10235,system|toml,0,0
10236,system|tools,0,0
10237,system|tracked,0,0
10238,system|tracks,-0.0400,-0.0400
10239,system|usability,0,0
10240,system|verifies,0,0
10241,system|version,0,0
10242,system|virtual,0,0
10243,system|with,0,0
10244,system|work,0,0
10245,system|workflow,0,0
10246,tasks|a,-0.0400,-0.0400
10247,tasks|and,0,0
10248,tasks|authors,0,0
10249,tasks|automates,0,0
10250,tasks|behavior,0,0
10251,tasks|branch,0,0
10252,tasks|changes,0,0
10253,tasks|checks,0,0
10254,tasks|code,0,0
10255,tasks|collaboration,0,0
10256,tasks|collection,0,0
10257,tasks|commit,0,0
10258,tasks|committing,0,0
10259,tasks|configures,0,0
10260,tasks|conflicts,0,0
10261,tasks|consistency,0,0
10262,tasks|contains,0,0
10263,tasks|continuous,0,0
10264,tasks|control,0,0
10265,tasks|controls,0,0
10266,tasks|data,0,0
10267,tasks|defines,0,0
10268,tasks|dependencies,0,0
10269,tasks|describes,0,0
10270,tasks|detects,0,0
10271,tasks|docs,0,0
10272,tasks|documentation,0,0
10273,tasks|documents,0,0
10274,tasks|enables,0,0
10275,tasks|endings,0,0
10276,tasks|enforces,0,0
10277,tasks|ensures,0,0
10278,tasks|environment,0,0
10279,tasks|errors,0,0
10280,tasks|events,0,0
10281,tasks|experimentation,0,0
10282,tasks|explains,0,0
10283,tasks|file,0,0
10284,tasks|files,0,0
10285,tasks|folder,0,0
10286,tasks|from,0,0
10287,tasks|git,0,0
10288,tasks|gitattributes,0,0
10289,tasks|gitignore,0,0
10290,tasks|history,0,0
10291,tasks|ignored,0,0
10292,tasks|improves,0,0
10293,tasks|includes,0,0
10294,tasks|instructions,0,0
10295,tasks|integration,0,0
10296,tasks|intent,0,0
10297,tasks|is,0,0
10298,tasks|isolates,0,0
10299,tasks|license,0,0
10300,tasks|line,0,0
10301,tasks|lists,0,0
10302,tasks|message,0,0
10303,tasks|mkdocs,0,0
10304,tasks|noise,0,0
10305,tasks|of,0,0
10306,tasks|on,0,0
10307,tasks|permissions,0,0
10308,tasks|portability,0,0
10309,tasks|prevents,0,0
10310,tasks|project,0,0
10311,tasks|proposes,0,0
10312,tasks|protects,0,0
10313,tasks|provides,0,0
10314,tasks|pull,0,0
10315,tasks|purpose,0,0
10316,tasks|pyproject,0,0
10317,tasks|quality,0,0
10318,tasks|readme,0,0
10319,tasks|records,0,0
10320,tasks|reduces,0,0
10321,tasks|refactoring,0,0
10322,tasks|reliability,0,0
10323,tasks|repository,0,0
10324,tasks|reproducibility,0,0
10325,tasks|request,0,0
10326,tasks|reuse,0,0
10327,tasks|review,0,0
10328,tasks|risk,0,0
10329,tasks|runs,0,0
10330,tasks|secrets,0,0
10331,tasks|separates,0,0
10332,tasks|snapshot,0,0
10333,tasks|source,0,0
10334,tasks|src,0,0
10335,tasks|standards,0,0
10336,tasks|states,0,0
10337,tasks|structure,0,0
10338,tasks|supports,0,0
10339,tasks|system,0,0
10340,tasks|tasks,0,0
10341,tasks|terms,0,0
10342,tasks|test,0,0
10343,tasks|tests,0,0
10344,tasks|toml,0,0
10345,tasks|tools,0,0
10346,tasks|tracked,0,0
10347,tasks|tracks,0,0
10348,tasks|usability,0,0
10349,tasks|verifies,0,0
10350,tasks|version,0,0
10351,tasks|virtual,0,0
10352,tasks|with,0,0
10353,tasks|work,0,0
10354,tasks|workflow,0,0
10355,terms|a,-0.0400,-0.0400
10356,terms|and,0,0
10357,terms|authors,0,0
10358,terms|automates,0,0
10359,terms|behavior,0,0
10360,terms|branch,0,0
10361,terms|changes,0,0
10362,terms|checks,0,0
10363,terms|code,0,0
10364,terms|collaboration,0,0
10365,terms|collection,0,0
10366,terms|commit,0,0
10367,terms|committing,0,0
10368,terms|configures,0,0
10369,terms|conflicts,0,0
10370,terms|consistency,0,0
10371,terms|contains,0,0
10372,terms|continuous,0,0
10373,terms|control,0,0
10374,terms|controls,0,0
10375,terms|data,0,0
10376,terms|defines,0,0
10377,terms|dependencies,0,0
10378,terms|describes,0,0
10379,terms|detects,0,0
10380,terms|docs,0,0
10381,terms|documentation,0,0
10382,terms|documents,0,0
10383,terms|enables,0,0
10384,terms|endings,0,0
10385,terms|enforces,0,0
10386,terms|ensures,0,0
10387,terms|environment,0,0
10388,terms|errors,0,0
10389,terms|events,0,0
10390,terms|experimentation,0,0
10391,terms|explains,0,0
10392,terms|file,0,0
10393,terms|files,0,0
10394,terms|folder,0,0
10395,terms|from,0,0
10396,terms|git,0,0
10397,terms|gitattributes,0,0
10398,terms|gitignore,0,0
10399,terms|history,0,0
10400,terms|ignored,0,0
10401,terms|improves,0,0
10402,terms|includes,0,0
10403,terms|instructions,0,0
10404,terms|integration,0,0
10405,terms|intent,0,0
10406,terms|is,0,0
10407,terms|isolates,0,0
10408,terms|license,0,0
10409,terms|line,0,0
10410,terms|lists,0,0
10411,terms|message,0,0
10412,terms|mkdocs,0,0
10413,terms|noise,0,0
10414,terms|of,0,0
10415,terms|on,0,0
10416,terms|permissions,0,0
10417,terms|portability,0,0
10418,terms|prevents,0,0
10419,terms|project,0,0
10420,terms|proposes,0,0
10421,terms|protects,0,0
10422,terms|provides,0,0
10423,terms|pull,0,0
10424,terms|purpose,0,0
10425,terms|pyproject,0,0
10426,terms|quality,0,0
10427,terms|readme,0,0
10428,terms|records,0,0
10429,terms|reduces,0,0
10430,terms|refactoring,0,0
10431,terms|reliability,0,0
10432,terms|repository,0,0
10433,terms|reproducibility,0,0
10434,terms|request,0,0
10435,terms|reuse,0,0
10436,terms|review,0,0
10437,terms|risk,0,0
10438,terms|runs,0,0
10439,terms|secrets,0,0
10440,terms|separates,0,0
10441,terms|snapshot,0,0
10442,terms|source,0,0
10443,terms|src,0,0
10444,terms|standards,0,0
10445,terms|states,0,0
10446,terms|structure,0,0
10447,terms|supports,0,0
10448,terms|system,0,0
10449,terms|tasks,0,0
10450,terms|terms,0,0
10451,terms|test,0,0
10452,terms|tests,0,0
10453,terms|toml,0,0
10454,terms|tools,0,0
10455,terms|tracked,0,0
10456,terms|tracks,0,0
10457,terms|usability,0,0
10458,terms|verifies,0,0
10459,terms|version,0,0
10460,terms|virtual,0,0
10461,terms|with,0,0
10462,terms|work,0,0
10463,terms|workflow,0,0
10464,test|a,0,0
10465,test|and,0,0
10466,test|authors,0,0
10467,test|automates,0,0
10468,test|behavior,0,0
10469,test|branch,0,0
10470,test|changes,0,0
10471,test|checks,0,0
10472,test|code,4.3188,-0.0400
10473,test|collaboration,0,0
10474,test|collection,0,0
10475,test|commit,0,0
10476,test|committing,0,0
10477,test|configures,0,0
10478,test|conflicts,0,0
10479,test|consistency,0,0
10480,test|contains,0,0
10481,test|continuous,0,0
10482,test|control,0,0
10483,test|controls,0,0
10484,test|data,0,0
10485,test|defines,0,0
10486,test|dependencies,0,0
10487,test|describes,0,0
10488,test|detects,0,0
10489,test|docs,0,0
10490,test|documentation,0,0
10491,test|documents,0,0
10492,test|enables,0,0
10493,test|endings,0,0
10494,test|enforces,0,0
10495,test|ensures,0,0
10496,test|environment,0,0
10497,test|errors,0,0
10498,test|events,0,0
10499,test|experimentation,0,0
10500,test|explains,0,0
10501,test|file,0,0
10502,test|files,0,0
10503,test|folder,0,0
10504,test|from,0,0
10505,test|git,0,0
10506,test|gitattributes,0,0
10507,test|gitignore,0,0
10508,test|history,0,0
10509,test|ignored,0,0
10510,test|improves,0,0
10511,test|includes,0,0
10512,test|instructions,0,0
10513,test|integration,0,0
10514,test|intent,0,0
10515,test|is,0,0
10516,test|isolates,0,0
10517,test|license,0,0
10518,test|line,0,0
10519,test|lists,0,0
10520,test|message,0,0
10521,test|mkdocs,0,0
10522,test|noise,0,0
10523,test|of,0,0
10524,test|on,0,0
10525,test|permissions,0,0
10526,test|portability,0,0
10527,test|prevents,0,0
10528,test|project,0,0
10529,test|proposes,0,0
10530,test|protects,0,0
10531,test|provides,0,0
10532,test|pull,0,0
10533,test|purpose,0,0
10534,test|pyproject,0,0
10535,test|quality,0,0
10536,test|readme,0,0
10537,test|records,0,0
10538,test|reduces,0,0
10539,test|refactoring,0,0
10540,test|reliability,0,0
10541,test|repository,0,0
10542,test|reproducibility,0,0
10543,test|request,0,0
10544,test|reuse,0,0
10545,test|review,0,0
10546,test|risk,0,0
10547,test|runs,0,0
10548,test|secrets,0,0
10549,test|separates,0,0
10550,test|snapshot,0,0
10551,test|source,0,0
10552,test|src,0,0
10553,test|standards,0,0
10554,test|states,0,0
10555,test|structure,0,0
10556,test|supports,0,0
10557,test|system,0,0
10558,test|tasks,0,0
10559,test|terms,0,0
10560,test|test,0,0
10561,test|tests,0,0
10562,test|toml,0,0
10563,test|tools,0,0
10564,test|tracked,0,0
10565,test|tracks,0,0
10566,test|usability,0,0
10567,test|verifies,0,0
10568,test|version,0,0
10569,test|virtual,0,0
10570,test|with,0,0
10571,test|work,0,0
10572,test|workflow,0,0
10573,tests|a,0,0
10574,tests|and,0,0
10575,tests|authors,0,0
10576,tests|automates,0,0
10577,tests|behavior,0,0
10578,tests|branch,0,0
10579,tests|changes,0,0
10580,tests|checks,0,0
10581,tests|code,0,0
10582,tests|collaboration,0,0
10583,tests|collection,0,0
10584,tests|commit,0,0
10585,tests|committing,0,0
10586,tests|configures,0,0
10587,tests|conflicts,0,0
10588,tests|consistency,0,0
10589,tests|contains,0,0
10590,tests|continuous,0,0
10591,tests|control,0,0
10592,tests|controls,0,0
10593,tests|data,0,0
10594,tests|defines,0,0
10595,tests|dependencies,0,0
10596,tests|describes,0,0
10597,tests|detects,0,0
10598,tests|docs,0,0
10599,tests|documentation,0,0
10600,tests|documents,0,0
10601,tests|enables,0,0
10602,tests|endings,0,0
10603,tests|enforces,0,0
10604,tests|ensures,0,0
10605,tests|environment,0,0
10606,tests|errors,0,0
10607,tests|events,0,0
10608,tests|experimentation,0,0
10609,tests|explains,0,0
10610,tests|file,0,0
10611,tests|files,0,0
10612,tests|folder,-0.1060,-0.1060
10613,tests|from,0,0
10614,tests|git,0,0
10615,tests|gitattributes,0,0
10616,tests|gitignore,0,0
10617,tests|history,0,0
10618,tests|ignored,0,0
10619,tests|improves,0,0
10620,tests|includes,0,0
10621,tests|instructions,0,0
10622,tests|integration,0,0
10623,tests|intent,0,0
10624,tests|is,0,0
10625,tests|isolates,0,0
10626,tests|license,0,0
10627,tests|line,0,0
10628,tests|lists,0,0
10629,tests|message,0,0
10630,tests|mkdocs,0,0
10631,tests|noise,0,0
10632,tests|of,0,0
10633,tests|on,0,0
10634,tests|permissions,0,0
10635,tests|portability,0,0
10636,tests|prevents,0,0
10637,tests|project,0,0
10638,tests|proposes,0,0
10639,tests|protects,0,0
10640,tests|provides,0,0
10641,tests|pull,0,0
10642,tests|purpose,0,0
10643,tests|pyproject,0,0
10644,tests|quality,0,0
10645,tests|readme,0,0
10646,tests|records,0,0
10647,tests|reduces,0,0
10648,tests|refactoring,0,0
10649,tests|reliability,0,0
10650,tests|repository,0,0
10651,tests|reproducibility,0,0
10652,tests|request,0,0
10653,tests|reuse,0,0
10654,tests|review,0,0
10655,tests|risk,0,0
10656,tests|runs,0,0
10657,tests|secrets,0,0
10658,tests|separates,0,0
10659,tests|snapshot,0,0
10660,tests|source,0,0
10661,tests|src,0,0
10662,tests|standards,0,0
10663,tests|states,0,0
10664,tests|structure,0,0
10665,tests|supports,0,0
10666,tests|system,0,0
10667,tests|tasks,0,0
10668,tests|terms,0,0
10669,tests|test,0,0
10670,tests|tests,0,0
10671,tests|toml,0,0
10672,tests|tools,0,0
10673,tests|tracked,0,0
10674,tests|tracks,0,0
10675,tests|usability,0,0
10676,tests|verifies,0,0
10677,tests|version,0,0
10678,tests|virtual,0,0
10679,tests|with,0,0
10680,tests|work,0,0
10681,tests|workflow,0,0
10682,toml|a,0,0
10683,toml|and,0,0
10684,toml|authors,0,0
10685,toml|automates,0,0
10686,toml|behavior,0,0
10687,toml|branch,0,0
10688,toml|changes,0,0
10689,toml|checks,0,0
10690,toml|code,0,0
10691,toml|collaboration,0,0
10692,toml|collection,0,0
10693,toml|commit,0,0
10694,toml|committing,0,0
10695,toml|configures,0,0
10696,toml|conflicts,0,0
10697,toml|consistency,0,0
10698,toml|contains,0,0
10699,toml|continuous,0,0
10700,toml|control,0,0
10701,toml|controls,0,0
10702,toml|data,0,0
10703,toml|defines,0,0
10704,toml|dependencies,0,0
10705,toml|describes,0,0
10706,toml|detects,0,0
10707,toml|docs,0,0
10708,toml|documentation,0,0
10709,toml|documents,0,0
10710,toml|enables,0,0
10711,toml|endings,0,0
10712,toml|enforces,0,0
10713,toml|ensures,0,0
10714,toml|environment,0,0
10715,toml|errors,0,0
10716,toml|events,0,0
10717,toml|experimentation,0,0
10718,toml|explains,0,0
10719,toml|file,-0.0874,-0.0874
10720,toml|files,0,0
10721,toml|folder,0,0
10722,toml|from,0,0
10723,toml|git,0,0
10724,toml|gitattributes,0,0
10725,toml|gitignore,0,0
10726,toml|history,0,0
10727,toml|ignored,0,0
10728,toml|improves,0,0
10729,toml|includes,0,0
10730,toml|instructions,0,0
10731,toml|integration,0,0
10732,toml|intent,0,0
10733,toml|is,0,0
10734,toml|isolates,0,0
10735,toml|license,0,0
10736,toml|line,0,0
10737,toml|lists,0,0
10738,toml|message,0,0
10739,toml|mkdocs,0,0
10740,toml|noise,0,0
10741,toml|of,0,0
10742,toml|on,0,0
10743,toml|permissions,0,0
10744,toml|portability,0,0
10745,toml|prevents,0,0
10746,toml|project,0,0
10747,toml|proposes,0,0
10748,toml|protects,0,0
10749,toml|provides,0,0
10750,toml|pull,0,0
10751,toml|purpose,0,0
10752,toml|pyproject,0,0
10753,toml|quality,0,0
10754,toml|readme,0,0
10755,toml|records,0,0
10756,toml|reduces,0,0
10757,toml|refactoring,0,0
10758,toml|reliability,0,0
10759,toml|repository,0,0
10760,toml|reproducibility,0,0
10761,toml|request,0,0
10762,toml|reuse,0,0
10763,toml|review,0,0
10764,toml|risk,0,0
10765,toml|runs,0,0
10766,toml|secrets,0,0
10767,toml|separates,0,0
10768,toml|snapshot,0,0
10769,toml|source,0,0
10770,toml|src,0,0
10771,toml|standards,0,0
10772,toml|states,0,0
10773,toml|structure,0,0
10774,toml|supports,0,0
10775,toml|system,0,0
10776,toml|tasks,0,0
10777,toml|terms,0,0
10778,toml|test,0,0
10779,toml|tests,0,0
10780,toml|toml,0,0
10781,toml|tools,0,0
10782,toml|tracked,0,0
10783,toml|tracks,0,0
10784,toml|usability,0,0
10785,toml|verifies,0,0
10786,toml|version,0,0
10787,toml|virtual,0,0
10788,toml|with,0,0
10789,toml|work,0,0
10790,toml|workflow,0,0
10791,tools|a,-0.0400,-0.0400
10792,tools|and,0,0
10793,tools|authors,0,0
10794,tools|automates,0,0
10795,tools|behavior,0,0
10796,tools|branch,0,0
10797,tools|changes,0,0
10798,tools|checks,0,0
10799,tools|code,0,0
10800,tools|collaboration,0,0
10801,tools|collection,0,0
10802,tools|commit,0,0
10803,tools|committing,0,0
10804,tools|configures,0,0
10805,tools|conflicts,0,0
10806,tools|consistency,0,0
10807,tools|contains,0,0
10808,tools|continuous,0,0
10809,tools|control,0,0
10810,tools|controls,0,0
10811,tools|data,0,0
10812,tools|defines,0,0
10813,tools|dependencies,0,0
10814,tools|describes,0,0
10815,tools|detects,0,0
10816,tools|docs,0,0
10817,tools|documentation,0,0
10818,tools|documents,0,0
10819,tools|enables,0,0
10820,tools|endings,0,0
10821,tools|enforces,0,0
10822,tools|ensures,0,0
10823,tools|environment,0,0
10824,tools|errors,0,0
10825,tools|events,0,0
10826,tools|experimentation,0,0
10827,tools|explains,0,0
10828,tools|file,0,0
10829,tools|files,0,0
10830,tools|folder,0,0
10831,tools|from,0,0
10832,tools|git,0,0
10833,tools|gitattributes,0,0
10834,tools|gitignore,0,0
10835,tools|history,0,0
10836,tools|ignored,0,0
10837,tools|improves,0,0
10838,tools|includes,0,0
10839,tools|instructions,0,0
10840,tools|integration,0,0
10841,tools|intent,0,0
10842,tools|is,0,0
10843,tools|isolates,0,0
10844,tools|license,0,0
10845,tools|line,0,0
10846,tools|lists,0,0
10847,tools|message,0,0
10848,tools|mkdocs,0,0
10849,tools|noise,0,0
10850,tools|of,0,0
10851,tools|on,0,0
10852,tools|permissions,0,0
10853,tools|portability,0,0
10854,tools|prevents,0,0
10855,tools|project,0,0
10856,tools|proposes,0,0
10857,tools|protects,0,0
10858,tools|provides,0,0
10859,tools|pull,0,0
10860,tools|purpose,0,0
10861,tools|pyproject,0,0
10862,tools|quality,0,0
10863,tools|readme,0,0
10864,tools|records,0,0
10865,tools|reduces,0,0
10866,tools|refactoring,0,0
10867,tools|reliability,0,0
10868,tools|repository,0,0
10869,tools|reproducibility,0,0
10870,tools|request,0,0
10871,tools|reuse,0,0
10872,tools|review,0,0
10873,tools|risk,0,0
10874,tools|runs,0,0
10875,tools|secrets,0,0
10876,tools|separates,0,0
10877,tools|snapshot,0,0
10878,tools|source,0,0
10879,tools|src,0,0
10880,tools|standards,0,0
10881,tools|states,0,0
10882,tools|structure,0,0
10883,tools|supports,0,0
10884,tools|system,0,0
10885,tools|tasks,0,0
10886,tools|terms,0,0
10887,tools|test,0,0
10888,tools|tests,0,0
10889,tools|toml,0,0
10890,tools|tools,0,0
10891,tools|tracked,0,0
10892,tools|tracks,0,0
10893,tools|usability,0,0
10894,tools|verifies,0,0
10895,tools|version,0,0
10896,tools|virtual,0,0
10897,tools|with,0,0
10898,tools|work,0,0
10899,tools|workflow,0,0
10900,tracked|a,0,0
10901,tracked|and,0,0
10902,tracked|authors,0,0
10903,tracked|automates,0,0
10904,tracked|behavior,0,0
10905,tracked|branch,0,0
10906,tracked|changes,0,0
10907,tracked|checks,0,0
10908,tracked|code,0,0
10909,tracked|collaboration,0,0
10910,tracked|collection,0,0
10911,tracked|commit,0,0
10912,tracked|committing,0,0
10913,tracked|configures,0,0
10914,tracked|conflicts,0,0
10915,tracked|consistency,0,0
10916,tracked|contains,0,0
10917,tracked|continuous,0,0
10918,tracked|control,0,0
10919,tracked|controls,0,0
10920,tracked|data,0,0
10921,tracked|defines,0,0
10922,tracked|dependencies,0,0
10923,tracked|describes,0,0
10924,tracked|detects,0,0
10925,tracked|docs,0,0
10926,tracked|documentation,0,0
10927,tracked|documents,0,0
10928,tracked|enables,0,0
10929,tracked|endings,0,0
10930,tracked|enforces,0,0
10931,tracked|ensures,0,0
10932,tracked|environment,0,0
10933,tracked|errors,0,0
10934,tracked|events,0,0
10935,tracked|experimentation,0,0
10936,tracked|explains,0,0
10937,tracked|file,0,0
10938,tracked|files,0,0
10939,tracked|folder,0,0
10940,tracked|from,0,0
10941,tracked|git,0,0
10942,tracked|gitattributes,0,0
10943,tracked|gitignore,0,0
10944,tracked|history,0,0
10945,tracked|ignored,0,0
10946,tracked|improves,0,0
10947,tracked|includes,0,0
10948,tracked|instructions,0,0
10949,tracked|integration,0,0
10950,tracked|intent,0,0
10951,tracked|is,0,0
10952,tracked|isolates,0,0
10953,tracked|license,0,0
10954,tracked|line,0,0
10955,tracked|lists,0,0
10956,tracked|message,0,0
10957,tracked|mkdocs,0,0
10958,tracked|noise,0,0
10959,tracked|of,0,0
10960,tracked|on,0,0
10961,tracked|permissions,0,0
10962,tracked|portability,0,0
10963,tracked|prevents,0,0
10964,tracked|project,0,0
10965,tracked|proposes,0,0
10966,tracked|protects,0,0
10967,tracked|provides,0,0
10968,tracked|pull,0,0
10969,tracked|purpose,0,0
10970,tracked|pyproject,0,0
10971,tracked|quality,0,0
10972,tracked|readme,0,0
10973,tracked|records,0,0
10974,tracked|reduces,0,0
10975,tracked|refactoring,0,0
10976,tracked|reliability,0,0
10977,tracked|repository,0,0
10978,tracked|reproducibility,0,0
10979,tracked|request,0,0
10980,tracked|reuse,0,0
10981,tracked|review,0,0
10982,tracked|risk,0,0
10983,tracked|runs,0,0
10984,tracked|secrets,0,0
10985,tracked|separates,0,0
10986,tracked|snapshot,0,0
10987,tracked|source,0,0
10988,tracked|src,0,0
10989,tracked|standards,0,0
10990,tracked|states,0,0
10991,tracked|structure,0,0
10992,tracked|supports,0,0
10993,tracked|system,0,0
10994,tracked|tasks,0,0
10995,tracked|terms,0,0
10996,tracked|test,0,0
10997,tracked|tests,0,0
10998,tracked|toml,0,0
10999,tracked|tools,0,0
11000,tracked|tracked,0,0
11001,tracked|tracks,0,0
11002,tracked|usability,0,0
11003,tracked|verifies,0,0
11004,tracked|version,0,0
11005,tracked|virtual,0,0
11006,tracked|with,-0.0400,-0.0400
11007,tracked|work,0,0
11008,tracked|workflow,0,0
11009,tracks|a,0,0
11010,tracks|and,0,0
11011,tracks|authors,0,0
11012,tracks|automates,0,0
11013,tracks|behavior,0,0
11014,tracks|branch,0,0
11015,tracks|changes,4.3188,-0.0400
11016,tracks|checks,0,0
11017,tracks|code,0,0
11018,tracks|collaboration,0,0
11019,tracks|collection,0,0
11020,tracks|commit,0,0
11021,tracks|committing,0,0
11022,tracks|configures,0,0
11023,tracks|conflicts,0,0
11024,tracks|consistency,0,0
11025,tracks|contains,0,0
11026,tracks|continuous,0,0
11027,tracks|control,0,0
11028,tracks|controls,0,0
11029,tracks|data,0,0
11030,tracks|defines,0,0
11031,tracks|dependencies,0,0
11032,tracks|describes,0,0
11033,tracks|detects,0,0
11034,tracks|docs,0,0
11035,tracks|documentation,0,0
11036,tracks|documents,0,0
11037,tracks|enables,0,0
11038,tracks|endings,0,0
11039,tracks|enforces,0,0
11040,tracks|ensures,0,0
11041,tracks|environment,0,0
11042,tracks|errors,0,0
11043,tracks|events,0,0
11044,tracks|experimentation,0,0
11045,tracks|explains,0,0
11046,tracks|file,0,0
11047,tracks|files,0,0
11048,tracks|folder,0,0
11049,tracks|from,0,0
11050,tracks|git,0,0
11051,tracks|gitattributes,0,0
11052,tracks|gitignore,0,0
11053,tracks|history,0,0
11054,tracks|ignored,0,0
11055,tracks|improves,0,0
11056,tracks|includes,0,0
11057,tracks|instructions,0,0
11058,tracks|integration,0,0
11059,tracks|intent,0,0
11060,tracks|is,0,0
11061,tracks|isolates,0,0
11062,tracks|license,0,0
11063,tracks|line,0,0
11064,tracks|lists,0,0
11065,tracks|message,0,0
11066,tracks|mkdocs,0,0
11067,tracks|noise,0,0
11068,tracks|of,0,0
11069,tracks|on,0,0
11070,tracks|permissions,0,0
11071,tracks|portability,0,0
11072,tracks|prevents,0,0
11073,tracks|project,0,0
11074,tracks|proposes,0,0
11075,tracks|protects,0,0
11076,tracks|provides,0,0
11077,tracks|pull,0,0
11078,tracks|purpose,0,0
11079,tracks|pyproject,0,0
11080,tracks|quality,0,0
11081,tracks|readme,0,0
11082,tracks|records,0,0
11083,tracks|reduces,0,0
11084,tracks|refactoring,0,0
11085,tracks|reliability,0,0
11086,tracks|repository,0,0
11087,tracks|reproducibility,0,0
11088,tracks|request,0,0
11089,tracks|reuse,0,0
11090,tracks|review,0,0
11091,tracks|risk,0,0
11092,tracks|runs,0,0
11093,tracks|secrets,0,0
11094,tracks|separates,0,0
11095,tracks|snapshot,0,0
11096,tracks|source,0,0
11097,tracks|src,0,0
11098,tracks|standards,0,0
11099,tracks|states,0,0
11100,tracks|structure,0,0
11101,tracks|supports,0,0
11102,tracks|system,0,0
11103,tracks|tasks,0,0
11104,tracks|terms,0,0
11105,tracks|test,0,0
11106,tracks|tests,0,0
11107,tracks|toml,0,0
11108,tracks|tools,0,0
11109,tracks|tracked,0,0
11110,tracks|tracks,0,0
11111,tracks|usability,0,0
11112,tracks|verifies,0,0
11113,tracks|version,0,0
11114,tracks|virtual,0,0
11115,tracks|with,0,0
11116,tracks|work,0,0
11117,tracks|workflow,0,0
11118,usability|a,-0.0400,-0.0400
11119,usability|and,0,0
11120,usability|authors,0,0
11121,usability|automates,0,0
11122,usability|behavior,0,0
11123,usability|branch,0,0
11124,usability|changes,0,0
11125,usability|checks,0,0
11126,usability|code,0,0
11127,usability|collaboration,0,0
11128,usability|collection,0,0
11129,usability|commit,0,0
11130,usability|committing,0,0
11131,usability|configures,0,0
11132,usability|conflicts,0,0
11133,usability|consistency,0,0
11134,usability|contains,0,0
11135,usability|continuous,0,0
11136,usability|control,0,0
11137,usability|controls,0,0
11138,usability|data,0,0
11139,usability|defines,0,0
11140,usability|dependencies,0,0
11141,usability|describes,0,0
11142,usability|detects,0,0
11143,usability|docs,0,0
11144,usability|documentation,0,0
11145,usability|documents,0,0
11146,usability|enables,0,0
11147,usability|endings,0,0
11148,usability|enforces,0,0
11149,usability|ensures,0,0
11150,usability|environment,0,0
11151,usability|errors,0,0
11152,usability|events,0,0
11153,usability|experimentation,0,0
11154,usability|explains,0,0
11155,usability|file,0,0
11156,usability|files,0,0
11157,usability|folder,0,0
11158,usability|from,0,0
11159,usability|git,0,0
11160,usability|gitattributes,0,0
11161,usability|gitignore,0,0
11162,usability|history,0,0
11163,usability|ignored,0,0
11164,usability|improves,0,0
11165,usability|includes,0,0
11166,usability|instructions,0,0
11167,usability|integration,0,0
11168,usability|intent,0,0
11169,usability|is,0,0
11170,usability|isolates,0,0
11171,usability|license,0,0
11172,usability|line,0,0
11173,usability|lists,0,0
11174,usability|message,0,0
11175,usability|mkdocs,0,0
11176,usability|noise,0,0
11177,usability|of,0,0
11178,usability|on,0,0
11179,usability|permissions,0,0
11180,usability|portability,0,0
11181,usability|prevents,0,0
11182,usability|project,0,0
11183,usability|proposes,0,0
11184,usability|protects,0,0
11185,usability|provides,0,0
11186,usability|pull,0,0
11187,usability|purpose,0,0
11188,usability|pyproject,0,0
11189,usability|quality,0,0
11190,usability|readme,0,0
11191,usability|records,0,0
11192,usability|reduces,0,0
11193,usability|refactoring,0,0
11194,usability|reliability,0,0
11195,usability|repository,0,0
11196,usability|reproducibility,0,0
11197,usability|request,0,0
11198,usability|reuse,0,0
11199,usability|review,0,0
11200,usability|risk,0,0
11201,usability|runs,0,0
11202,usability|secrets,0,0
11203,usability|separates,0,0
11204,usability|snapshot,0,0
11205,usability|source,0,0
11206,usability|src,0,0
11207,usability|standards,0,0
11208,usability|states,0,0
11209,usability|structure,0,0
11210,usability|supports,0,0
11211,usability|system,0,0
11212,usability|tasks,0,0
11213,usability|terms,0,0
11214,usability|test,0,0
11215,usability|tests,0,0
11216,usability|toml,0,0
11217,usability|tools,0,0
11218,usability|tracked,0,0
11219,usability|tracks,0,0
11220,usability|usability,0,0
11221,usability|verifies,0,0
11222,usability|version,0,0
11223,usability|virtual,0,0
11224,usability|with,0,0
11225,usability|work,0,0
11226,usability|workflow,0,0
11227,verifies|a,0,0
11228,verifies|and,0,0
11229,verifies|authors,0,0
11230,verifies|automates,0,0
11231,verifies|behavior,4.3188,-0.0400
11232,verifies|branch,0,0
11233,verifies|changes,0,0
11234,verifies|checks,0,0
11235,verifies|code,0,0
11236,verifies|collaboration,0,0
11237,verifies|collection,0,0
11238,verifies|commit,0,0
11239,verifies|committing,0,0
11240,verifies|configures,0,0
11241,verifies|conflicts,0,0
11242,verifies|consistency,0,0
11243,verifies|contains,0,0
11244,verifies|continuous,0,0
11245,verifies|control,0,0
11246,verifies|controls,0,0
11247,verifies|data,0,0
11248,verifies|defines,0,0
11249,verifies|dependencies,0,0
11250,verifies|describes,0,0
11251,verifies|detects,0,0
11252,verifies|docs,0,0
11253,verifies|documentation,0,0
11254,verifies|documents,0,0
11255,verifies|enables,0,0
11256,verifies|endings,0,0
11257,verifies|enforces,0,0
11258,verifies|ensures,0,0
11259,verifies|environment,0,0
11260,verifies|errors,0,0
11261,verifies|events,0,0
11262,verifies|experimentation,0,0
11263,verifies|explains,0,0
11264,verifies|file,0,0
11265,verifies|files,0,0
11266,verifies|folder,0,0
11267,verifies|from,0,0
11268,verifies|git,0,0
11269,verifies|gitattributes,0,0
11270,verifies|gitignore,0,0
11271,verifies|history,0,0
11272,verifies|ignored,0,0
11273,verifies|improves,0,0
11274,verifies|includes,0,0
11275,verifies|instructions,0,0
11276,verifies|integration,0,0
11277,verifies|intent,0,0
11278,verifies|is,0,0
11279,verifies|isolates,0,0
11280,verifies|license,0,0
11281,verifies|line,0,0
11282,verifies|lists,0,0
11283,verifies|message,0,0
11284,verifies|mkdocs,0,0
11285,verifies|noise,0,0
11286,verifies|of,0,0
11287,verifies|on,0,0
11288,verifies|permissions,0,0
11289,verifies|portability,0,0
11290,verifies|prevents,0,0
11291,verifies|project,0,0
11292,verifies|proposes,0,0
11293,verifies|protects,0,0
11294,verifies|provides,0,0
11295,verifies|pull,0,0
11296,verifies|purpose,0,0
11297,verifies|pyproject,0,0
11298,verifies|quality,0,0
11299,verifies|readme,0,0
11300,verifies|records,0,0
11301,verifies|reduces,0,0
11302,verifies|refactoring,0,0
11303,verifies|reliability,0,0
11304,verifies|repository,0,0
11305,verifies|reproducibility,0,0
11306,verifies|request,0,0
11307,verifies|reuse,0,0
11308,verifies|review,0,0
11309,verifies|risk,0,0
11310,verifies|runs,0,0
11311,verifies|secrets,0,0
11312,verifies|separates,0,0
11313,verifies|snapshot,0,0
11314,verifies|source,0,0
11315,verifies|src,0,0
11316,verifies|standards,0,0
11317,verifies|states,0,0
11318,verifies|structure,0,0
11319,verifies|supports,0,0
11320,verifies|system,0,0
11321,verifies|tasks,0,0
11322,verifies|terms,0,0
11323,verifies|test,0,0
11324,verifies|tests,0,0
11325,verifies|toml,0,0
11326,verifies|tools,0,0
11327,verifies|tracked,0,0
11328,verifies|tracks,0,0
11329,verifies|usability,0,0
11330,verifies|verifies,0,0
11331,verifies|version,0,0
11332,verifies|virtual,0,0
11333,verifies|with,0,0
11334,verifies|work,0,0
11335,verifies|workflow,0,0
11336,version|a,0,0
11337,version|and,0,0
11338,version|authors,0,0
11339,version|automates,0,0
11340,version|behavior,0,0
11341,version|branch,0,0
11342,version|changes,0,0
11343,version|checks,0,0
11344,version|code,0,0
11345,version|collaboration,0,0
11346,version|collection,0,0
11347,version|commit,0,0
11348,version|committing,0,0
11349,version|configures,0,0
11350,version|conflicts,0,0
11351,version|consistency,0,0
11352,version|contains,0,0
11353,version|continuous,0,0
11354,version|control,-0.0625,-0.0625
11355,version|controls,0,0
11356,version|data,0,0
11357,version|defines,0,0
11358,version|dependencies,0,0
11359,version|describes,0,0
11360,version|detects,0,0
11361,version|docs,0,0
11362,version|documentation,0,0
11363,version|documents,0,0
11364,version|enables,0,0
11365,version|endings,0,0
11366,version|enforces,0,0
11367,version|ensures,0,0
11368,version|environment,0,0
11369,version|errors,0,0
11370,version|events,0,0
11371,version|experimentation,0,0
11372,version|explains,0,0
11373,version|file,0,0
11374,version|files,0,0
11375,version|folder,0,0
11376,version|from,0,0
11377,version|git,0,0
11378,version|gitattributes,0,0
11379,version|gitignore,0,0
11380,version|history,0,0
11381,version|ignored,0,0
11382,version|improves,0,0
11383,version|includes,0,0
11384,version|instructions,0,0
11385,version|integration,0,0
11386,version|intent,0,0
11387,version|is,0,0
11388,version|isolates,0,0
11389,version|license,0,0
11390,version|line,0,0
11391,version|lists,0,0
11392,version|message,0,0
11393,version|mkdocs,0,0
11394,version|noise,0,0
11395,version|of,0,0
11396,version|on,0,0
11397,version|permissions,0,0
11398,version|portability,0,0
11399,version|prevents,0,0
11400,version|project,0,0
11401,version|proposes,0,0
11402,version|protects,0,0
11403,version|provides,0,0
11404,version|pull,0,0
11405,version|purpose,0,0
11406,version|pyproject,0,0
11407,version|quality,0,0
11408,version|readme,0,0
11409,version|records,0,0
11410,version|reduces,0,0
11411,version|refactoring,0,0
11412,version|reliability,0,0
11413,version|repository,0,0
11414,version|reproducibility,0,0
11415,version|request,0,0
11416,version|reuse,0,0
11417,version|review,0,0
11418,version|risk,0,0
11419,version|runs,0,0
11420,version|secrets,0,0
11421,version|separates,0,0
11422,version|snapshot,0,0
11423,version|source,0,0
11424,version|src,0,0
11425,version|standards,0,0
11426,version|states,0,0
11427,version|structure,0,0
11428,version|supports,0,0
11429,version|system,0,0
11430,version|tasks,0,0
11431,version|terms,0,0
11432,version|test,0,0
11433,version|tests,0,0
11434,version|toml,0,0
11435,version|tools,0,0
11436,version|tracked,0,0
11437,version|tracks,0,0
11438,version|usability,0,0
11439,version|verifies,0,0
11440,version|version,0,0
11441,version|virtual,0,0
11442,version|with,0,0
11443,version|work,0,0
11444,version|workflow,0,0
11445,virtual|a,0,0
11446,virtual|and,0,0
11447,virtual|authors,0,0
11448,virtual|automates,0,0
11449,virtual|behavior,0,0
11450,virtual|branch,0,0
11451,virtual|changes,0,0
11452,virtual|checks,0,0
11453,virtual|code,0,0
11454,virtual|collaboration,0,0
11455,virtual|collection,0,0
11456,virtual|commit,0,0
11457,virtual|committing,0,0
11458,virtual|configures,0,0
11459,virtual|conflicts,0,0
11460,virtual|consistency,0,0
11461,virtual|contains,0,0
11462,virtual|continuous,0,0
11463,virtual|control,0,0
11464,virtual|controls,0,0
11465,virtual|data,0,0
11466,virtual|defines,0,0
11467,virtual|dependencies,0,0
11468,virtual|describes,0,0
11469,virtual|detects,0,0
11470,virtual|docs,0,0
11471,virtual|documentation,0,0
11472,virtual|documents,0,0
11473,virtual|enables,0,0
11474,virtual|endings,0,0
11475,virtual|enforces,0,0
11476,virtual|ensures,0,0
11477,virtual|environment,-0.1060,-0.1060
11478,virtual|errors,0,0
11479,virtual|events,0,0
11480,virtual|experimentation,0,0
11481,virtual|explains,0,0
11482,virtual|file,0,0
11483,virtual|files,0,0
11484,virtual|folder,0,0
11485,virtual|from,0,0
11486,virtual|git,0,0
11487,virtual|gitattributes,0,0
11488,virtual|gitignore,0,0
11489,virtual|history,0,0
11490,virtual|ignored,0,0
11491,virtual|improves,0,0
11492,virtual|includes,0,0
11493,virtual|instructions,0,0
11494,virtual|integration,0,0
11495,virtual|intent,0,0
11496,virtual|is,0,0
11497,virtual|isolates,0,0
11498,virtual|license,0,0
11499,virtual|line,0,0
11500,virtual|lists,0,0
11501,virtual|message,0,0
11502,virtual|mkdocs,0,0
11503,virtual|noise,0,0
11504,virtual|of,0,0
11505,virtual|on,0,0
11506,virtual|permissions,0,0
11507,virtual|portability,0,0
11508,virtual|prevents,0,0
11509,virtual|project,0,0
11510,virtual|proposes,0,0
11511,virtual|protects,0,0
11512,virtual|provides,0,0
11513,virtual|pull,0,0
11514,virtual|purpose,0,0
11515,virtual|pyproject,0,0
11516,virtual|quality,0,0
11517,virtual|readme,0,0
11518,virtual|records,0,0
11519,virtual|reduces,0,0
11520,virtual|refactoring,0,0
11521,virtual|reliability,0,0
11522,virtual|repository,0,0
11523,virtual|reproducibility,0,0
11524,virtual|request,0,0
11525,virtual|reuse,0,0
11526,virtual|review,0,0
11527,virtual|risk,0,0
11528,virtual|runs,0,0
11529,virtual|secrets,0,0
11530,virtual|separates,0,0
11531,virtual|snapshot,0,0
11532,virtual|source,0,0
11533,virtual|src,0,0
11534,virtual|standards,0,0
11535,virtual|states,0,0
11536,virtual|structure,0,0
11537,virtual|supports,0,0
11538,virtual|system,0,0
11539,virtual|tasks,0,0
11540,virtual|terms,0,0
11541,virtual|test,0,0
11542,virtual|tests,0,0
11543,virtual|toml,0,0
11544,virtual|tools,0,0
11545,virtual|tracked,0,0
11546,virtual|tracks,0,0
11547,virtual|usability,0,0
11548,virtual|verifies,0,0
11549,virtual|version,0,0
11550,virtual|virtual,0,0
11551,virtual|with,0,0
11552,virtual|work,0,0
11553,virtual|workflow,0,0
11554,with|a,0,0
11555,with|and,0,0
11556,with|authors,0,0
11557,with|automates,0,0
11558,with|behavior,0,0
11559,with|branch,0,0
11560,with|changes,0,0
11561,with|checks,0,0
11562,with|code,0,0
11563,with|collaboration,0,0
11564,with|collection,0,0
11565,with|commit,0,0
11566,with|committing,0,0
11567,with|configures,0,0
11568,with|conflicts,0,0
11569,with|consistency,0,0
11570,with|contains,0,0
11571,with|continuous,0,0
11572,with|control,0,0
11573,with|controls,0,0
11574,with|data,0,0
11575,with|defines,0,0
11576,with|dependencies,0,0
11577,with|describes,0,0
11578,with|detects,0,0
11579,with|docs,0,0
11580,with|documentation,0,0
11581,with|documents,0,0
11582,with|enables,0,0
11583,with|endings,0,0
11584,with|enforces,0,0
11585,with|ensures,0,0
11586,with|environment,0,0
11587,with|errors,0,0
11588,with|events,0,0
11589,with|experimentation,0,0
11590,with|explains,0,0
11591,with|file,0,0
11592,with|files,0,0
11593,with|folder,0,0
11594,with|from,0,0
11595,with|git,4.3188,-0.0400
11596,with|gitattributes,0,0
11597,with|gitignore,0,0
11598,with|history,0,0
11599,with|ignored,0,0
11600,with|improves,0,0
11601,with|includes,0,0
11602,with|instructions,0,0
11603,with|integration,0,0
11604,with|intent,0,0
11605,with|is,0,0
11606,with|isolates,0,0
11607,with|license,0,0
11608,with|line,0,0
11609,with|lists,0,0
11610,with|message,0,0
11611,with|mkdocs,0,0
11612,with|noise,0,0
11613,with|of,0,0
11614,with|on,0,0
11615,with|permissions,0,0
11616,with|portability,0,0
11617,with|prevents,0,0
11618,with|project,0,0
11619,with|proposes,0,0
11620,with|protects,0,0
11621,with|provides,0,0
11622,with|pull,0,0
11623,with|purpose,0,0
11624,with|pyproject,0,0
11625,with|quality,0,0
11626,with|readme,0,0
11627,with|records,0,0
11628,with|reduces,0,0
11629,with|refactoring,0,0
11630,with|reliability,0,0
11631,with|repository,0,0
11632,with|reproducibility,0,0
11633,with|request,0,0
11634,with|reuse,0,0
11635,with|review,0,0
11636,with|risk,0,0
11637,with|runs,0,0
11638,with|secrets,0,0
11639,with|separates,0,0
11640,with|snapshot,0,0
11641,with|source,0,0
11642,with|src,0,0
11643,with|standards,0,0
11644,with|states,0,0
11645,with|structure,0,0
11646,with|supports,0,0
11647,with|system,0,0
11648,with|tasks,0,0
11649,with|terms,0,0
11650,with|test,0,0
11651,with|tests,0,0
11652,with|toml,0,0
11653,with|tools,0,0
11654,with|tracked,0,0
11655,with|tracks,0,0
11656,with|usability,0,0
11657,with|verifies,0,0
11658,with|version,0,0
11659,with|virtual,0,0
11660,with|with,0,0
11661,with|work,0,0
11662,with|workflow,0,0
11663,work|a,-0.0400,-0.0400
11664,work|and,0,0
11665,work|authors,0,0
11666,work|automates,0,0
11667,work|behavior,0,0
11668,work|branch,0,0
11669,work|changes,0,0
11670,work|checks,0,0
11671,work|code,0,0
11672,work|collaboration,0,0
11673,work|collection,0,0
11674,work|commit,0,0
11675,work|committing,0,0
11676,work|configures,0,0
11677,work|conflicts,0,0
11678,work|consistency,0,0
11679,work|contains,0,0
11680,work|continuous,0,0
11681,work|control,0,0
11682,work|controls,0,0
11683,work|data,0,0
11684,work|defines,0,0
11685,work|dependencies,0,0
11686,work|describes,0,0
11687,work|detects,0,0
11688,work|docs,0,0
11689,work|documentation,0,0
11690,work|documents,0,0
11691,work|enables,0,0
11692,work|endings,0,0
11693,work|enforces,0,0
11694,work|ensures,0,0
11695,work|environment,0,0
11696,work|errors,0,0
11697,work|events,0,0
11698,work|experimentation,0,0
11699,work|explains,0,0
11700,work|file,0,0
11701,work|files,0,0
11702,work|folder,0,0
11703,work|from,0,0
11704,work|git,0,0
11705,work|gitattributes,0,0
11706,work|gitignore,0,0
11707,work|history,0,0
11708,work|ignored,0,0
11709,work|improves,0,0
11710,work|includes,0,0
11711,work|instructions,0,0
11712,work|integration,0,0
11713,work|intent,0,0
11714,work|is,0,0
11715,work|isolates,0,0
11716,work|license,0,0
11717,work|line,0,0
11718,work|lists,0,0
11719,work|message,0,0
11720,work|mkdocs,0,0
11721,work|noise,0,0
11722,work|of,0,0
11723,work|on,0,0
11724,work|permissions,0,0
11725,work|portability,0,0
11726,work|prevents,0,0
11727,work|project,0,0
11728,work|proposes,0,0
11729,work|protects,0,0
11730,work|provides,0,0
11731,work|pull,0,0
11732,work|purpose,0,0
11733,work|pyproject,0,0
11734,work|quality,0,0
11735,work|readme,0,0
11736,work|records,0,0
11737,work|reduces,0,0
11738,work|refactoring,0,0
11739,work|reliability,0,0
11740,work|repository,0,0
11741,work|reproducibility,0,0
11742,work|request,0,0
11743,work|reuse,0,0
11744,work|review,0,0
11745,work|risk,0,0
11746,work|runs,0,0
11747,work|secrets,0,0
11748,work|separates,0,0
11749,work|snapshot,0,0
11750,work|source,0,0
11751,work|src,0,0
11752,work|standards,0,0
11753,work|states,0,0
11754,work|structure,0,0
11755,work|supports,0,0
11756,work|system,0,0
11757,work|tasks,0,0
11758,work|terms,0,0
11759,work|test,0,0
11760,work|tests,0,0
11761,work|toml,0,0
11762,work|tools,0,0
11763,work|tracked,0,0
11764,work|tracks,0,0
11765,work|usability,0,0
11766,work|verifies,0,0
11767,work|version,0,0
11768,work|virtual,0,0
11769,work|with,0,0
11770,work|work,0,0
11771,work|workflow,0,0
11772,workflow|a,0,0
11773,workflow|and,0,0
11774,workflow|authors,0,0
11775,workflow|automates,-0.0400,-0.0400
11776,workflow|behavior,0,0
11777,workflow|branch,0,0
11778,workflow|changes,0,0
11779,workflow|checks,0,0
11780,workflow|code,0,0
11781,workflow|collaboration,0,0
11782,workflow|collection,0,0
11783,workflow|commit,0,0
11784,workflow|committing,0,0
11785,workflow|configures,0,0
11786,workflow|conflicts,0,0
11787,workflow|consistency,0,0
11788,workflow|contains,0,0
11789,workflow|continuous,0,0
11790,workflow|control,0,0
11791,workflow|controls,0,0
11792,workflow|data,0,0
11793,workflow|defines,0,0
11794,workflow|dependencies,0,0
11795,workflow|describes,0,0
11796,workflow|detects,0,0
11797,workflow|docs,0,0
11798,workflow|documentation,0,0
11799,workflow|documents,0,0
11800,workflow|enables,0,0
11801,workflow|endings,0,0
11802,workflow|enforces,0,0
11803,workflow|ensures,0,0
11804,workflow|environment,0,0
11805,workflow|errors,0,0
11806,workflow|events,0,0
11807,workflow|experimentation,0,0
11808,workflow|explains,0,0
11809,workflow|file,0,0
11810,workflow|files,0,0
11811,workflow|folder,0,0
11812,workflow|from,0,0
11813,workflow|git,0,0
11814,workflow|gitattributes,0,0
11815,workflow|gitignore,0,0
11816,workflow|history,0,0
11817,workflow|ignored,0,0
11818,workflow|improves,-0.0400,-0.0400
11819,workflow|includes,0,0
11820,workflow|instructions,0,0
11821,workflow|integration,0,0
11822,workflow|intent,0,0
11823,workflow|is,0,0
11824,workflow|isolates,0,0
11825,workflow|license,0,0
11826,workflow|line,0,0
11827,workflow|lists,0,0
11828,workflow|message,0,0
11829,workflow|mkdocs,0,0
11830,workflow|noise,0,0
11831,workflow|of,0,0
11832,workflow|on,0,0
11833,workflow|permissions,0,0
11834,workflow|portability,0,0
11835,workflow|prevents,0,0
11836,workflow|project,0,0
11837,workflow|proposes,0,0
11838,workflow|protects,0,0
11839,workflow|provides,0,0
11840,workflow|pull,0,0
11841,workflow|purpose,0,0
11842,workflow|pyproject,0,0
11843,workflow|quality,0,0
11844,workflow|readme,0,0
11845,workflow|records,0,0
11846,workflow|reduces,0,0
11847,workflow|refactoring,0,0
11848,workflow|reliability,0,0
11849,workflow|repository,0,0
11850,workflow|reproducibility,0,0
11851,workflow|request,0,0
11852,workflow|reuse,0,0
11853,workflow|review,0,0
11854,workflow|risk,0,0
11855,workflow|runs,-0.0400,-0.0400
11856,workflow|secrets,0,0
11857,workflow|separates,0,0
11858,workflow|snapshot,0,0
11859,workflow|source,0,0
11860,workflow|src,0,0
11861,workflow|standards,0,0
11862,workflow|states,0,0
11863,workflow|structure,0,0
11864,workflow|supports,0,0
11865,workflow|system,0,0
11866,workflow|tasks,0,0
11867,workflow|terms,0,0
11868,workflow|test,0,0
11869,workflow|tests,0,0
11870,workflow|toml,0,0
11871,workflow|tools,0,0
11872,workflow|tracked,0,0
11873,workflow|tracks,0,0
11874,workflow|usability,0,0
11875,workflow|verifies,0,0
11876,workflow|version,0,0
11877,workflow|virtual,0,0
11878,workflow|with,0,0
11879,workflow|work,0,0
11880,workflow|workflow,0,0
